-- Authorities
INSERT INTO authorities(id, authority) VALUES (1, 'ADMIN');
INSERT INTO authorities(id, authority) VALUES (2, 'PLAYER');

-- AppUsers
INSERT INTO appusers(
    id, username, password, authority, first_name, last_name, location, profile_picture, profile_picture_color, online, profile_type, daily_games_played, last_game_date, biography, birth_date, profile_picture_url, theme
) VALUES
    (1, 'admin1', '$2a$10$nMmTWAhPTqXqLDJTag3prumFrAJpsYtroxf0ojesFYq0k4PmcbWUS', 1, 'Admin', 'El real', 'España', '/napoleonColores.png', '#0076bd', false, 'HARD_CORE_GAMER', 0, NULL, NULL, NULL, NULL, NULL),
    (2, 'player1', '$2a$10$nMmTWAhPTqXqLDJTag3prumFrAJpsYtroxf0ojesFYq0k4PmcbWUS', 2, 'Cristian', 'Ronaldo', 'España','/napoleonColores.png', '#0076bd', false, 'HARD_CORE_GAMER', 0, NULL, NULL, NULL, NULL, NULL),
    (3, 'aaron', '$2a$10$nMmTWAhPTqXqLDJTag3prumFrAJpsYtroxf0ojesFYq0k4PmcbWUS', 2, 'Aaron', 'Acunha Bellido', 'España','/napoleonColores.png', '#fff769', false, 'CASUAL_GAMER', 0, NULL, NULL, NULL, NULL, NULL),
    (4, 'javier', '$2a$10$nMmTWAhPTqXqLDJTag3prumFrAJpsYtroxf0ojesFYq0k4PmcbWUS', 2, 'Javier', 'Arellano Lopez','España', '/napoleonColores.png', '#ffcbdb', false, 'HARD_CORE_GAMER', 0, NULL, NULL, NULL, NULL, NULL),
    (5, 'raul', '$2a$10$nMmTWAhPTqXqLDJTag3prumFrAJpsYtroxf0ojesFYq0k4PmcbWUS', 2, 'Raul', 'Calero Capote','España', '/napoleonColores.png', '#ff964f', false, 'CASUAL_GAMER', 0, NULL, NULL, NULL, NULL, NULL),
    (6, 'alberto', '$2a$10$nMmTWAhPTqXqLDJTag3prumFrAJpsYtroxf0ojesFYq0k4PmcbWUS', 2, 'Alberto', 'Bernardos Ruiz','España', '/napoleonColores.png', '#4db6ac', false, 'HARD_CORE_GAMER', 0, NULL, NULL, NULL, NULL, NULL),
    (7, 'tudor', '$2a$10$nMmTWAhPTqXqLDJTag3prumFrAJpsYtroxf0ojesFYq0k4PmcbWUS', 2, 'Tudor Cristian', 'Lacatus Cosma','España', '/napoleonColores.png', '#ba68c8', false, 'CASUAL_GAMER', 0, NULL, NULL, NULL, NULL, NULL),
    (8, 'vegeta777', '$2a$10$E4jWv.QqThcicVPzjSCQXuh6fdjFmqMX14Oh/QEyg2z9c0E0Y8T5K', 2, 'Pepe', 'Escape García','España', '/napoleonColores.png', '#0076bd', false, 'HARD_CORE_GAMER', 0, NULL, NULL, NULL, NULL, NULL),
    (9, 'iLovePoland', '$2a$10$Q0KI6STn1/B03zBvNy8geeEyA4FCrPQq5pLguCsOTK.D0scJOF0/e', 2, 'English', 'Or Spanish','España', '/napoleonColores.png', '#0076bd', false, 'CASUAL_GAMER', 0, NULL, NULL, NULL, NULL, NULL),
    (10, 'leon', '$2a$10$nMmTWAhPTqXqLDJTag3prumFrAJpsYtroxf0ojesFYq0k4PmcbWUS', 2, 'Leonardo', 'Da Vinci','España', '/cesar.jpg', '#ff5722', false, 'HARD_CORE_GAMER', 0, NULL, NULL, NULL, NULL, NULL),
    (11, 'messi', '$2a$10$nMmTWAhPTqXqLDJTag3prumFrAJpsYtroxf0ojesFYq0k4PmcbWUS', 2, 'Lionel', 'Messi','España', '/napoleonColores.png', '#3f51b5', false, 'CASUAL_GAMER', 0, NULL, NULL, NULL, NULL, NULL),
    (12, 'marie', '$2a$10$nMmTWAhPTqXqLDJTag3prumFrAJpsYtroxf0ojesFYq0k4PmcbWUS', 2, 'Marie', 'Curie','España', '/cesar.jpg', '#e91e63', false, 'HARD_CORE_GAMER', 0, NULL, NULL, NULL, NULL, NULL),
    (13, 'einstein', '$2a$10$nMmTWAhPTqXqLDJTag3prumFrAJpsYtroxf0ojesFYq0k4PmcbWUS', 2, 'Albert', 'Einstein','España', '/napoleonColores.png', '#9c27b0', false, 'CASUAL_GAMER', 0, NULL, NULL, NULL, NULL, NULL),
    (14, 'tesla', '$2a$10$nMmTWAhPTqXqLDJTag3prumFrAJpsYtroxf0ojesFYq0k4PmcbWUS', 2, 'Nikola', 'Tesla','España', '/cesar.jpg', '#009688', false, 'HARD_CORE_GAMER', 0, NULL, NULL, NULL, NULL, NULL),
    (15, 'babbage', '$2a$10$nMmTWAhPTqXqLDJTag3prumFrAJpsYtroxf0ojesFYq0k4PmcbWUS', 2, 'Charles', 'Babbage', 'España','/napoleonColores.png', '#ffc107', false, 'CASUAL_GAMER', 0, NULL, NULL, NULL, NULL, NULL),
    (16, 'ada', '$2a$10$nMmTWAhPTqXqLDJTag3prumFrAJpsYtroxf0ojesFYq0k4PmcbWUS', 2, 'Ada', 'Lovelace', 'España','/cesar.jpg', '#ff9800', false, 'CASUAL_GAMER', 0, NULL, NULL, NULL, NULL, NULL),
    (17, 'galileo', '$2a$10$nMmTWAhPTqXqLDJTag3prumFrAJpsYtroxf0ojesFYq0k4PmcbWUS', 2, 'Galileo', 'Galilei', 'España', '/napoleonColores.png', '#673ab7', false, 'CASUAL_GAMER', 0, NULL, NULL, NULL, NULL, NULL),
    (18, 'darwin', '$2a$10$nMmTWAhPTqXqLDJTag3prumFrAJpsYtroxf0ojesFYq0k4PmcbWUS', 2, 'Charles', 'Darwin', 'España', '/cesar.jpg', '#4caf50', false, 'HARD_CORE_GAMER', 0, NULL, NULL, NULL, NULL, NULL),
    (19, 'hawking', '$2a$10$nMmTWAhPTqXqLDJTag3prumFrAJpsYtroxf0ojesFYq0k4PmcbWUS', 2, 'Stephen', 'Hawking','España', '/napoleonColores.png', '#2196f3', false, 'CASUAL_GAMER', 0, NULL, NULL, NULL, NULL, NULL),
    (20, 'galadriel', '$2a$10$nMmTWAhPTqXqLDJTag3prumFrAJpsYtroxf0ojesFYq0k4PmcbWUS', 2, 'Galadriel', 'Of Lothlórien', 'España','/cesar.jpg', '#8e24aa', false, 'HARD_CORE_GAMER', 0, NULL, NULL, NULL, NULL, NULL),
    (21, 'john_doe', '$2a$10$nMmTWAhPTqXqLDJTag3prumFrAJpsYtroxf0ojesFYq0k4PmcbWUS', 2, 'John', 'Doe', 'España','/napoleonColores.png', '#0076bd', false, 'HARD_CORE_GAMER', 0, NULL, NULL, NULL, NULL, NULL),
    (22, 'lucia88', '$2a$10$nMmTWAhPTqXqLDJTag3prumFrAJpsYtroxf0ojesFYq0k4PmcbWUS', 2, 'Lucía', 'Gómez', 'España','/cesar.jpg', '#ff964f', false, 'HARD_CORE_GAMER', 0, NULL, NULL, NULL, NULL, NULL),
    (23, 'marta_sky', '$2a$10$nMmTWAhPTqXqLDJTag3prumFrAJpsYtroxf0ojesFYq0k4PmcbWUS', 2, 'Marta', 'Pérez', 'España','/napoleonColores.png', '#ffcbdb', false, 'HARD_CORE_GAMER', 0, NULL, NULL, NULL, NULL, NULL),
    (24, 'peterpan', '$2a$10$nMmTWAhPTqXqLDJTag3prumFrAJpsYtroxf0ojesFYq0k4PmcbWUS', 2, 'Peter', 'Smith', 'España','/napoleonColores.png', '#3f51b5', false, 'HARD_CORE_GAMER', 0, NULL, NULL, NULL, NULL, NULL),
    (25, 'sofi_star', '$2a$10$nMmTWAhPTqXqLDJTag3prumFrAJpsYtroxf0ojesFYq0k4PmcbWUS', 2, 'Sofía', 'Martínez', 'España','/cesar.jpg', '#e91e63', false, 'HARD_CORE_GAMER', 0, NULL, NULL, NULL, NULL, NULL),
    (26, 'carlos_94', '$2a$10$nMmTWAhPTqXqLDJTag3prumFrAJpsYtroxf0ojesFYq0k4PmcbWUS', 2, 'Carlos', 'López','España', '/napoleonColores.png', '#4caf50', false, 'HARD_CORE_GAMER', 0, NULL, NULL, NULL, NULL, NULL),
    (27, 'dani_king', '$2a$10$nMmTWAhPTqXqLDJTag3prumFrAJpsYtroxf0ojesFYq0k4PmcbWUS', 2, 'Daniel', 'García', 'España','/cesar.jpg', '#2196f3', false, 'HARD_CORE_GAMER', 0, NULL, NULL, NULL, NULL, NULL),
    (28, 'laura_rain', '$2a$10$nMmTWAhPTqXqLDJTag3prumFrAJpsYtroxf0ojesFYq0k4PmcbWUS', 2, 'Laura', 'Hernández', 'España','/napoleonColores.png', '#673ab7', false, 'HARD_CORE_GAMER', 0, NULL, NULL, NULL, NULL, NULL),
    (29, 'alejandro27', '$2a$10$nMmTWAhPTqXqLDJTag3prumFrAJpsYtroxf0ojesFYq0k4PmcbWUS', 2, 'Alejandro', 'Torres','España', '/cesar.jpg', '#9c27b0', false, 'HARD_CORE_GAMER', 0, NULL, NULL, NULL, NULL, NULL),
    (30, 'noelia_sweet', '$2a$10$nMmTWAhPTqXqLDJTag3prumFrAJpsYtroxf0ojesFYq0k4PmcbWUS', 2, 'Noelia', 'Moreno','España', '/napoleonColores.png', '#009688', false, 'HARD_CORE_GAMER', 0, NULL, NULL, NULL, NULL, NULL),
    (31, 'angel_77', '$2a$10$nMmTWAhPTqXqLDJTag3prumFrAJpsYtroxf0ojesFYq0k4PmcbWUS', 2, 'Ángel', 'Ramírez', 'España','/napoleonColores.png', '#ff5722', false, 'HARD_CORE_GAMER', 0, NULL, NULL, NULL, NULL, NULL),
    (32, 'clara.smith', '$2a$10$nMmTWAhPTqXqLDJTag3prumFrAJpsYtroxf0ojesFYq0k4PmcbWUS', 2, 'Clara', 'Smith', 'España','/cesar.jpg', '#ba68c8', false, 'HARD_CORE_GAMER', 0, NULL, NULL, NULL, NULL, NULL),
    (33, 'davidx99', '$2a$10$nMmTWAhPTqXqLDJTag3prumFrAJpsYtroxf0ojesFYq0k4PmcbWUS', 2, 'David', 'Martínez', 'España','/napoleonColores.png', '#4db6ac', false, 'HARD_CORE_GAMER', 0, NULL, NULL, NULL, NULL, NULL),
    (34, 'emma_galaxy', '$2a$10$nMmTWAhPTqXqLDJTag3prumFrAJpsYtroxf0ojesFYq0k4PmcbWUS', 2, 'Emma', 'Ruiz', 'España','/cesar.jpg', '#8e24aa', false, 'HARD_CORE_GAMER', 0, NULL, NULL, NULL, NULL, NULL),
    (35, 'jorge_rock', '$2a$10$nMmTWAhPTqXqLDJTag3prumFrAJpsYtroxf0ojesFYq0k4PmcbWUS', 2, 'Jorge', 'Vega', 'España','/napoleonColores.png', '#ff9800', false, 'HARD_CORE_GAMER', 0, NULL, NULL, NULL, NULL, NULL),
    (36, 'carla.love', '$2a$10$nMmTWAhPTqXqLDJTag3prumFrAJpsYtroxf0ojesFYq0k4PmcbWUS', 2, 'Carla', 'Morales', 'España','/cesar.jpg', '#2196f3', false, 'HARD_CORE_GAMER', 0, NULL, NULL, NULL, NULL, NULL),
    (37, 'sergio23', '$2a$10$nMmTWAhPTqXqLDJTag3prumFrAJpsYtroxf0ojesFYq0k4PmcbWUS', 2, 'Sergio', 'Romero', 'España','/napoleonColores.png', '#0076bd', false, 'HARD_CORE_GAMER', 0, NULL, NULL, NULL, NULL, NULL),
    (38, 'paula_dream', '$2a$10$nMmTWAhPTqXqLDJTag3prumFrAJpsYtroxf0ojesFYq0k4PmcbWUS', 2, 'Paula', 'Castillo', 'España','/cesar.jpg', '#e91e63', false, 'HARD_CORE_GAMER', 0, NULL, NULL, NULL, NULL, NULL),
    (39, 'miguel_gt', '$2a$10$nMmTWAhPTqXqLDJTag3prumFrAJpsYtroxf0ojesFYq0k4PmcbWUS', 2, 'Miguel', 'Fernández','España', '/napoleonColores.png', '#673ab7', false, 'HARD_CORE_GAMER', 0, NULL, NULL, NULL, NULL, NULL),
    (40, 'elena_sun', '$2a$10$nMmTWAhPTqXqLDJTag3prumFrAJpsYtroxf0ojesFYq0k4PmcbWUS', 2, 'Elena', 'Giménez', 'España','/cesar.jpg', '#009688', false, 'HARD_CORE_GAMER', 0, NULL, NULL, NULL, NULL, NULL),
    (41, 'raul_master', '$2a$10$nMmTWAhPTqXqLDJTag3prumFrAJpsYtroxf0ojesFYq0k4PmcbWUS', 2, 'Raúl', 'Santos', 'España','/napoleonColores.png', '#3f51b5', false, 'HARD_CORE_GAMER', 0, NULL, NULL, NULL, NULL, NULL),
    (42, 'laura.blue', '$2a$10$nMmTWAhPTqXqLDJTag3prumFrAJpsYtroxf0ojesFYq0k4PmcbWUS', 2, 'Laura', 'Sánchez','España', '/cesar.jpg', '#ffcbdb', false, 'HARD_CORE_GAMER', 0, NULL, NULL, NULL, NULL, NULL),
    (43, 'alejo_king', '$2a$10$nMmTWAhPTqXqLDJTag3prumFrAJpsYtroxf0ojesFYq0k4PmcbWUS', 2, 'Alejandro', 'Reyes','España', '/napoleonColores.png', '#ff964f', false, 'HARD_CORE_GAMER', 0, NULL, NULL, NULL, NULL, NULL),
    (44, 'ines_star', '$2a$10$nMmTWAhPTqXqLDJTag3prumFrAJpsYtroxf0ojesFYq0k4PmcbWUS', 2, 'Inés', 'Navarro', 'España','/cesar.jpg', '#4caf50', false, 'HARD_CORE_GAMER', 0, NULL, NULL, NULL, NULL, NULL),
    (45, 'julia_rain', '$2a$10$nMmTWAhPTqXqLDJTag3prumFrAJpsYtroxf0ojesFYq0k4PmcbWUS', 2, 'Julia', 'Lorenzo', 'España','/napoleonColores.png', '#9c27b0', false, 'HARD_CORE_GAMER', 0, NULL, NULL, NULL, NULL, NULL),
    (46, 'lucas_85', '$2a$10$nMmTWAhPTqXqLDJTag3prumFrAJpsYtroxf0ojesFYq0k4PmcbWUS', 2, 'Lucas', 'Domínguez','España', '/cesar.jpg', '#8e24aa', false, 'HARD_CORE_GAMER', 0, NULL, NULL, NULL, NULL, NULL),
    (47, 'valeria.bright', '$2a$10$nMmTWAhPTqXqLDJTag3prumFrAJpsYtroxf0ojesFYq0k4PmcbWUS', 2, 'Valeria', 'Blanco', 'España','/napoleonColores.png', '#ffc107', false, 'HARD_CORE_GAMER', 0, NULL, NULL, NULL, NULL, NULL),
    (48, 'diana_sky', '$2a$10$nMmTWAhPTqXqLDJTag3prumFrAJpsYtroxf0ojesFYq0k4PmcbWUS', 2, 'Diana', 'Ríos', 'España','/cesar.jpg', '#ff5722', false, 'HARD_CORE_GAMER', 0, NULL, NULL, NULL, NULL, NULL),
    (49, 'carlos123', '$2a$10$nMmTWAhPTqXqLDJTag3prumFrAJpsYtroxf0ojesFYq0k4PmcbWUS', 2, 'Carlos', 'Mendoza', 'España','/napoleonColores.png', '#ba68c8', false, 'HARD_CORE_GAMER', 0, NULL, NULL, NULL, NULL, NULL),
    (50, 'martina88', '$2a$10$nMmTWAhPTqXqLDJTag3prumFrAJpsYtroxf0ojesFYq0k4PmcbWUS', 2, 'Martina', 'Vázquez', 'España','/cesar.jpg', '#4db6ac', false, 'HARD_CORE_GAMER', 0, NULL, NULL, NULL, NULL, NULL);

INSERT INTO card (id, letter, image, letter_image, title) VALUES (1, 'A', '/A1.png', '/miniA.png', 'Aardvark');
INSERT INTO card (id, letter, image, letter_image, title) VALUES (2, 'A', '/A2.png', '/miniA.png', 'Abalone Shell');
INSERT INTO card (id, letter, image, letter_image, title) VALUES (3, 'A', '/A3.png', '/miniA.png', 'Albacore');
INSERT INTO card (id, letter, image, letter_image, title) VALUES (4, 'A', '/A4.png', '/miniA.png', 'Ambition');
INSERT INTO card (id, letter, image, letter_image, title) VALUES (5, 'A', '/A5.png', '/miniA.png', 'Ancient Secret');
INSERT INTO card (id, letter, image, letter_image, title) VALUES (6, 'A', '/A6.png', '/miniA.png', 'Anthrax');
INSERT INTO card (id, letter, image, letter_image, title) VALUES (7, 'A', '/A7.png', '/miniA.png', 'Anvil');
INSERT INTO card (id, letter, image, letter_image, title) VALUES (8, 'A', '/A8.png', '/miniA.png', 'Army Ants');
INSERT INTO card (id, letter, image, letter_image, title) VALUES (9, 'A', '/A9.png', '/miniA.png', 'Arquebus');
INSERT INTO card (id, letter, image, letter_image, title) VALUES (10, 'A', '/A10.png', '/miniA.png', 'Axe Handle');
INSERT INTO card (id, letter, image, letter_image, title) VALUES (11, 'B', '/B1.png', '/miniB.png', 'Beauty Wax');
INSERT INTO card (id, letter, image, letter_image, title) VALUES (12, 'B', '/B2.png', '/miniB.png', 'Better Mousetrap');
INSERT INTO card (id, letter, image, letter_image, title) VALUES (13, 'B', '/B3.png', '/miniB.png', 'Bikini');
INSERT INTO card (id, letter, image, letter_image, title) VALUES (14, 'B', '/B4.png', '/miniB.png', 'Blunderbuss');
INSERT INTO card (id, letter, image, letter_image, title) VALUES (15, 'C', '/C1.png', '/miniC.png', 'Caltrops');
INSERT INTO card (id, letter, image, letter_image, title) VALUES (16, 'C', '/C2.png', '/miniC.png', 'College Band');
INSERT INTO card (id, letter, image, letter_image, title) VALUES (17, 'C', '/C3.png', '/miniC.png', 'Chisel');
INSERT INTO card (id, letter, image, letter_image, title) VALUES (18, 'C', '/C4.png', '/miniC.png', 'City Map');
INSERT INTO card (id, letter, image, letter_image, title) VALUES (19, 'C', '/C5.png', '/miniC.png', 'Coelacanth');
INSERT INTO card (id, letter, image, letter_image, title) VALUES (20, 'C', '/C6.png', '/miniC.png', 'Crowbar');
INSERT INTO card (id, letter, image, letter_image, title) VALUES (21, 'E', '/E1.png', '/miniE.png', 'Eagle´s Claw');
INSERT INTO card (id, letter, image, letter_image, title) VALUES (22, 'E', '/E2.png', '/miniE.png', 'Eggshells');
INSERT INTO card (id, letter, image, letter_image, title) VALUES (23, 'E', '/E3.png', '/miniE.png', 'Elbow Grease');
INSERT INTO card (id, letter, image, letter_image, title) VALUES (24, 'E', '/E4.png', '/miniE.png', 'Electric Eel');
INSERT INTO card (id, letter, image, letter_image, title) VALUES (25, 'E', '/E5.png', '/miniE.png', 'Elevator Shoes');
INSERT INTO card (id, letter, image, letter_image, title) VALUES (26, 'E', '/E6.png', '/miniE.png', 'Empty Bottle');
INSERT INTO card (id, letter, image, letter_image, title) VALUES (27, 'E', '/E7.png', '/miniE.png', 'Encyclopedia');
INSERT INTO card (id, letter, image, letter_image, title) VALUES (28, 'E', '/E8.png', '/miniE.png', 'Eraser');
INSERT INTO card (id, letter, image, letter_image, title) VALUES (29, 'E', '/E9.png', '/miniE.png', 'Ergonomic Chair');
INSERT INTO card (id, letter, image, letter_image, title) VALUES (30, 'E', '/E10.png', '/miniE.png', 'Ermine');
INSERT INTO card (id, letter, image, letter_image, title) VALUES (31, 'E', '/E11.png', '/miniE.png', 'Etruscan Shield');
INSERT INTO card (id, letter, image, letter_image, title) VALUES (32, 'E', '/E12.png', '/miniE.png', 'Everlasting Love');
INSERT INTO card (id, letter, image, letter_image, title) VALUES (33, 'F', '/F1.png', '/miniF.png', 'Field Guide');
INSERT INTO card (id, letter, image, letter_image, title) VALUES (34, 'F', '/F2.png', '/miniF.png', 'French Passport');
INSERT INTO card (id, letter, image, letter_image, title) VALUES (35, 'F', '/F3.png', '/miniF.png', 'Frog');
INSERT INTO card (id, letter, image, letter_image, title) VALUES (36, 'F', '/F4.png', '/miniF.png', 'Frying Pan');
INSERT INTO card (id, letter, image, letter_image, title) VALUES (37, 'L', '/L1.png', '/miniL.png', 'Labeling Machine');
INSERT INTO card (id, letter, image, letter_image, title) VALUES (38, 'L', '/L2.png', '/miniL.png', 'Light Reading');
INSERT INTO card (id, letter, image, letter_image, title) VALUES (39, 'L', '/L3.png', '/miniL.png', 'Leftovers');
INSERT INTO card (id, letter, image, letter_image, title) VALUES (40, 'L', '/L4.png', '/miniL.png', 'Letter Of Intent');
INSERT INTO card (id, letter, image, letter_image, title) VALUES (41, 'M', '/M1.png', '/miniM.png', 'Manuscript');
INSERT INTO card (id, letter, image, letter_image, title) VALUES (42, 'M', '/M2.png', '/miniM.png', 'Milk');
INSERT INTO card (id, letter, image, letter_image, title) VALUES (43, 'M', '/M3.png', '/miniM.png', 'Mothballs');
INSERT INTO card (id, letter, image, letter_image, title) VALUES (44, 'M', '/M4.png', '/miniM.png', 'Mud Boots');
INSERT INTO card (id, letter, image, letter_image, title) VALUES (45, 'O', '/O1.png', '/miniO.png', 'Oboe');
INSERT INTO card (id, letter, image, letter_image, title) VALUES (46, 'O', '/O2.png', '/miniO.png', 'Omnivore');
INSERT INTO card (id, letter, image, letter_image, title) VALUES (47, 'O', '/O3.png', '/miniO.png', 'Orange Juice');
INSERT INTO card (id, letter, image, letter_image, title) VALUES (48, 'O', '/O4.png', '/miniO.png', 'Oven Mit');
INSERT INTO card (id, letter, image, letter_image, title) VALUES (49, 'P', '/P1.png', '/miniP.png', 'Papers');
INSERT INTO card (id, letter, image, letter_image, title) VALUES (50, 'P', '/P2.png', '/miniP.png', 'Paint');
INSERT INTO card (id, letter, image, letter_image, title) VALUES (51, 'P', '/P3.png', '/miniP.png', 'Pinking Shears');
INSERT INTO card (id, letter, image, letter_image, title) VALUES (52, 'P', '/P4.png', '/miniP.png', 'Poison Pen');
INSERT INTO card (id, letter, image, letter_image, title) VALUES (53, 'P', '/P5.png', '/miniP.png', 'Porcupine');
INSERT INTO card (id, letter, image, letter_image, title) VALUES (54, 'P', '/P6.png', '/miniP.png', 'Pressed Flowers');
INSERT INTO card (id, letter, image, letter_image, title) VALUES (55, 'R', '/R1.png', '/miniR.png', 'Radio');
INSERT INTO card (id, letter, image, letter_image, title) VALUES (56, 'R', '/R2.png', '/miniR.png', 'Rich Lager');
INSERT INTO card (id, letter, image, letter_image, title) VALUES (57, 'R', '/R3.png', '/miniR.png', 'Relay Baton');
INSERT INTO card (id, letter, image, letter_image, title) VALUES (58, 'R', '/R4.png', '/miniR.png', 'Rifle');
INSERT INTO card (id, letter, image, letter_image, title) VALUES (59, 'R', '/R5.png', '/miniR.png', 'Rubber Duckie');
INSERT INTO card (id, letter, image, letter_image, title) VALUES (60, 'R', '/R6.png', '/miniR.png', 'Runcible Spoon');
INSERT INTO card (id, letter, image, letter_image, title) VALUES (61, 'S', '/S1.png', '/miniS.png', 'Shuttlecock');
INSERT INTO card (id, letter, image, letter_image, title) VALUES (62, 'S', '/S2.png', '/miniS.png', 'Silencer');
INSERT INTO card (id, letter, image, letter_image, title) VALUES (63, 'S', '/S3.png', '/miniS.png', 'Snuff');
INSERT INTO card (id, letter, image, letter_image, title) VALUES (64, 'S', '/S4.png', '/miniS.png', 'Spool Of Thread');
UPDATE card SET image = CONCAT('/cards', image), letter_image = CONCAT('/cards', letter_image);

-- Genres
INSERT INTO genres (id, name) VALUES (1, 'Accion');
INSERT INTO genres (id, name) VALUES (2, 'Aventura');
INSERT INTO genres (id, name) VALUES (3, 'RPG');
INSERT INTO genres (id, name) VALUES (4, 'Estrategia');
INSERT INTO genres (id, name) VALUES (5, 'Deportes');
INSERT INTO genres (id, name) VALUES (6, 'Simulacion');
INSERT INTO genres (id, name) VALUES (7, 'Terror');
INSERT INTO genres (id, name) VALUES (8, 'Arcade');
INSERT INTO genres (id, name) VALUES (9, 'Puzzles');
INSERT INTO genres (id, name) VALUES (10, 'Lucha');

-- Platforms
INSERT INTO platforms (id, name) VALUES (1, 'PC');
INSERT INTO platforms (id, name) VALUES (2, 'PlayStation 5');
INSERT INTO platforms (id, name) VALUES (3, 'Xbox Series X');
INSERT INTO platforms (id, name) VALUES (4, 'Nintendo Switch');
INSERT INTO platforms (id, name) VALUES (5, 'Mobile (Android)');
INSERT INTO platforms (id, name) VALUES (6, 'Mobile (iOS)');
INSERT INTO platforms (id, name) VALUES (7, 'PlayStation 4');
INSERT INTO platforms (id, name) VALUES (8, 'Xbox One');
INSERT INTO platforms (id, name) VALUES (9, 'Nintendo 3DS');
INSERT INTO platforms (id, name) VALUES (10, 'Retro Console');

-- Sagas
INSERT INTO sagas (id, name) VALUES (1, 'The Witcher');
INSERT INTO sagas (id, name) VALUES (2, 'Final Fantasy');
INSERT INTO sagas (id, name) VALUES (3, 'Grand Theft Auto');
INSERT INTO sagas (id, name) VALUES (4, 'The Legend of Zelda');
INSERT INTO sagas (id, name) VALUES (5, 'Call of Duty');
INSERT INTO sagas (id, name) VALUES (6, 'Assassin''s Creed');
INSERT INTO sagas (id, name) VALUES (7, 'Elder Scrolls');
INSERT INTO sagas (id, name) VALUES (8, 'Fallout');
INSERT INTO sagas (id, name) VALUES (9, 'Pokémon');
INSERT INTO sagas (id, name) VALUES (10, 'Super Mario');

DELETE FROM user_genres WHERE user_id = 1;
INSERT INTO user_genres (user_id, genre_id) VALUES (1, 1);
INSERT INTO user_genres (user_id, genre_id) VALUES (1, 3);
INSERT INTO user_genres (user_id, genre_id) VALUES (1, 4);

DELETE FROM user_platforms WHERE user_id = 1;
INSERT INTO user_platforms (user_id, platform_id) VALUES (1, 1);
INSERT INTO user_platforms (user_id, platform_id) VALUES (1, 2);

DELETE FROM user_sagas WHERE user_id = 1;
INSERT INTO user_sagas (user_id, saga_id) VALUES (1, 1);
INSERT INTO user_sagas (user_id, saga_id) VALUES (1, 7);

-- Achievements
INSERT INTO
    achievement(
        id,
        name,
        description,
        threshold,
        badge_image,
        metric,
        profile_picture_uri
    )
VALUES
    (
        1,
        'Beginner',
        'Play your first game',
        1.0,
        'https://cdn-icons-png.flaticon.com/128/7469/7469372.png',
        'GAMES_PLAYED',
        '/begginer.png'
    );

INSERT INTO
    achievement(
        id,
        name,
        description,
        threshold,
        badge_image,
        metric
    )
VALUES
    (
        2,
        'Basic experience',
        'Play 10 different games',
        10.0,
        'https://cdn-icons-png.flaticon.com/128/1055/1055856.png',
        'GAMES_PLAYED'
    );

INSERT INTO
    achievement(id, name, description, threshold, metric)
VALUES
    (
        3,
        'Escape from Elba',
        'Win your first game',
        1.0,
        'VICTORIES'
    );

INSERT INTO
    achievement(
        id,
        name,
        description,
        threshold,
        badge_image,
        metric
    )
VALUES
    (
        4,
        'Emperor',
        'Win a game with the word EMPEROR',
        1.0,
        'https://cdn-icons-png.flaticon.com/128/3763/3763558.png',
        'VICTORIES'
    );

INSERT INTO
    achievement(
        id,
        name,
        description,
        threshold,
        badge_image,
        metric
    )
VALUES
    (
        5,
        'Elba Hermit',
        'Play for 10 minutes',
        1.0,
        'https://cdn-icons-png.flaticon.com/128/9571/9571672.png',
        'TIME_PLAYED'
    );

-- Squares
INSERT INTO
    square (
        id,
        black_dice,
        white_dice,
        white_dice_alt,
        name,
        x_position,
        y_position
    )
VALUES
    (1, NULL, NULL, NULL, 'Safe Area', 50, 50),
    (2, 1, 1, NULL, 'North Tower', 5, 9.3),
    (3, 1, 2, NULL, 'Caesar Room', 25, 9.3),
    (4, 1, 3, NULL, 'Opal Room', 40, 9.3),
    (5, 1, 4, NULL, 'Coral Room', 60, 9.3),
    (6, 1, 5, NULL, 'Roof', 75, 9.3),
    (7, 1, 6, NULL, 'East Tower', 95, 9.3),
    (8, 2, 1, NULL, NULL, 18.5, 26),
    (9, 2, 2, NULL, 'Cafe', 40, 26),
    (10, 2, 3, 4, NULL, 50, 22),
    (11, 2, 5, NULL, 'Parlor', 60, 26),
    (12, 2, 6, NULL, NULL, 81.5, 26),
    (13, 3, 1, NULL, 'Ball Room', 9.3, 42),
    (14, 3, 2, NULL, NULL, 18.5, 42),
    (15, 3, 3, NULL, 'Spa', 30, 42),
    (16, 3, 4, NULL, 'Pool', 70, 42),
    (17, 3, 5, NULL, NULL, 81.5, 42),
    (18, 3, 6, NULL, 'Sleep Room', 89.7, 42),
    (19, 4, 1, NULL, 'Class Room', 9.3, 58),
    (20, 4, 2, NULL, NULL, 18.5, 58),
    (21, 4, 3, NULL, 'Arbor', 30, 58),
    (22, 4, 4, NULL, 'Farm', 70, 58),
    (23, 4, 5, NULL, NULL, 81.5, 58),
    (24, 4, 6, NULL, 'Meal Room', 89.7, 58),
    (25, 5, 1, NULL, NULL, 18.5, 74),
    (26, 5, 2, NULL, 'Bar', 40, 74),
    (27, 5, 3, 4, NULL, 50, 78),
    (28, 5, 5, NULL, 'Lab', 60, 74),
    (29, 5, 6, NULL, NULL, 81.5, 74),
    (30, 6, 1, NULL, 'West Tower', 5, 89.7),
    (31, 6, 2, NULL, 'Cellar', 25, 89.7),
    (32, 6, 3, NULL, 'Apple Room', 40, 89.7),
    (33, 6, 4, NULL, 'Map Room', 60, 89.7),
    (34, 6, 5, NULL, 'Parole Room', 75, 89.7),
    (35, 6, 6, NULL, 'South Tower', 95, 89.7);

CREATE TABLE IF NOT EXISTS square_adyacentes (
    square_id INT NOT NULL,
    adyacente_id INT NOT NULL,
    PRIMARY KEY (square_id, adyacente_id),
    FOREIGN KEY (square_id) REFERENCES square(id),
    FOREIGN KEY (adyacente_id) REFERENCES square(id)
);

INSERT INTO
    square_adyacentes (square_id, adyacente_id)
VALUES
    (1, 10),
    (10, 1),
    (1, 15),
    (15, 1),
    (1, 16),
    (16, 1),
    (1, 21),
    (21, 1),
    (1, 22),
    (22, 1),
    (1, 27),
    (27, 1),
    (2, 3),
    (3, 2),
    (2, 8),
    (8, 2),
    (3, 4),
    (4, 3),
    (4, 9),
    (9, 4),
    (5, 6),
    (6, 5),
    (5, 11),
    (11, 5),
    (6, 7),
    (7, 6),
    (8, 9),
    (9, 8),
    (8, 14),
    (14, 8),
    (9, 10),
    (10, 9),
    (9, 15),
    (15, 9),
    (10, 11),
    (11, 10),
    (11, 12),
    (12, 11),
    (11, 16),
    (16, 11),
    (12, 7),
    (7, 12),
    (12, 17),
    (17, 12),
    (13, 14),
    (14, 13),
    (13, 19),
    (19, 13),
    (14, 15),
    (15, 14),
    (15, 21),
    (21, 15),
    (16, 17),
    (17, 16),
    (16, 22),
    (22, 16),
    (17, 18),
    (18, 17),
    (18, 24),
    (24, 18),
    (19, 20),
    (20, 19),
    (20, 21),
    (21, 20),
    (20, 25),
    (25, 20),
    (21, 26),
    (26, 21),
    (22, 28),
    (28, 22),
    (22, 23),
    (23, 22),
    (23, 29),
    (29, 23),
    (24, 23),
    (23, 24),
    (25, 30),
    (30, 25),
    (25, 26),
    (26, 25),
    (26, 32),
    (32, 26),
    (26, 27),
    (27, 26),
    (27, 28),
    (28, 27),
    (28, 29),
    (29, 28),
    (28, 33),
    (33, 28),
    (29, 35),
    (35, 29),
    (30, 31),
    (31, 30),
    (31, 32),
    (32, 31),
    (33, 34),
    (34, 33),
    (34, 35),
    (35, 34);

INSERT INTO CHAT_ROOM(ID) VALUES (1);
INSERT INTO CHAT_ROOM(ID) VALUES (2);


-- Datos de ejemplo para GameSessions
INSERT INTO GameSessions (id, max_players, status, current_players, turn, is_private, pin, game_duration, winner_id, start_time, end_time, creator_id, name)
VALUES
    (10000, 4, 'WAITING', 2, 0, FALSE, NULL, 0, NULL, '2025-01-03 10:00:00', NULL, 2, 'prueba1'),
    (10001, 5, 'IN_PROGRESS', 4, 1, FALSE, NULL, 30, NULL, '2025-01-04 12:00:00', NULL, 2, 'prueba2'),
    (10002, 5, 'FINISHED', 2, 1, FALSE, NULL, 30, 2, '2025-01-04 12:00:00', '2025-01-04 13:00:00', 2, 'prueba2'),
    (10003, 4, 'FINISHED', 2, 1, FALSE, NULL, 30, 4, '2025-01-05 00:00:00', '2025-01-05 01:00:00', 4, 'Session_10003'),
(10004, 6, 'FINISHED', 3, 1, FALSE, NULL, 30, 2, '2025-01-06 00:00:00', '2025-01-06 01:00:00', 2, 'Session_10004'),
(10005, 6, 'FINISHED', 6, 1, FALSE, NULL, 30, 3, '2025-01-07 00:00:00', '2025-01-07 01:00:00', 3, 'Session_10005'),
(10006, 4, 'FINISHED', 4, 1, FALSE, NULL, 30, 5, '2025-01-08 00:00:00', '2025-01-08 01:00:00', 5, 'Session_10006'),
(10007, 6, 'FINISHED', 6, 1, FALSE, NULL, 30, 5, '2025-01-09 00:00:00', '2025-01-09 01:00:00', 5, 'Session_10007'),
    (10008, 4, 'FINISHED', 4, 1, FALSE, NULL, 45, 6, '2025-01-10 10:00:00', '2025-01-10 10:45:00', 8, 'Session_10008'),
    (10009, 5, 'FINISHED', 5, 1, FALSE, NULL, 50, 10, '2025-01-11 11:00:00', '2025-01-11 11:50:00', 12, 'Session_10009'),
    (10010, 3, 'FINISHED', 3, 1, FALSE, NULL, 30, 8, '2025-01-12 15:00:00', '2025-01-12 15:30:00', 9, 'Session_10010'),
    (10011, 6, 'FINISHED', 6, 1, FALSE, NULL, 60, 12, '2025-01-13 14:00:00', '2025-01-13 15:00:00', 10, 'Session_10011'),
    (10012, 4, 'FINISHED', 4, 1, FALSE, NULL, 40, 7, '2025-01-14 09:00:00', '2025-01-14 09:40:00', 11, 'Session_10012'),
    (10013, 5, 'FINISHED', 5, 1, FALSE, NULL, 55, 15, '2025-01-15 16:00:00', '2025-01-15 16:55:00', 14, 'Session_10013'),
    (10014, 6, 'FINISHED', 6, 1, FALSE, NULL, 70, 20, '2025-01-16 17:00:00', '2025-01-16 18:10:00', 18, 'Session_10014'),
    (10015, 3, 'FINISHED', 3, 1, FALSE, NULL, 25, 13, '2025-01-17 19:00:00', '2025-01-17 19:25:00', 17, 'Session_10015'),
        (10016, 4, 'FINISHED', 4, 1, FALSE, NULL, 35, 19, '2025-01-18 10:00:00', '2025-01-18 10:35:00', 22, 'Session_10016'),
    (10017, 5, 'FINISHED', 5, 1, FALSE, NULL, 60, 23, '2025-01-19 12:00:00', '2025-01-19 13:00:00', 21, 'Session_10017'),
    (10018, 3, 'FINISHED', 3, 1, FALSE, NULL, 40, 12, '2025-01-20 09:00:00', '2025-01-20 09:40:00', 20, 'Session_10018'),
    (10019, 6, 'FINISHED', 6, 1, FALSE, NULL, 75, 30, '2025-01-21 15:00:00', '2025-01-21 16:15:00', 25, 'Session_10019'),
    (10020, 4, 'FINISHED', 4, 1, FALSE, NULL, 50, 16, '2025-01-22 14:00:00', '2025-01-22 14:50:00', 23, 'Session_10020'),
    (10021, 6, 'FINISHED', 6, 1, FALSE, NULL, 90, 28, '2025-01-23 18:00:00', '2025-01-23 19:30:00', 26, 'Session_10021'),
    (10022, 3, 'FINISHED', 3, 1, FALSE, NULL, 20, 14, '2025-01-24 20:00:00', '2025-01-24 20:20:00', 27, 'Session_10022'),
    (10023, 5, 'FINISHED', 5, 1, FALSE, NULL, 55, 25, '2025-01-25 11:00:00', '2025-01-25 11:55:00', 24, 'Session_10023'),
    (10024, 6, 'FINISHED', 6, 1, FALSE, NULL, 85, 32, '2025-01-26 13:00:00', '2025-01-26 14:25:00', 29, 'Session_10024'),
    (10025, 4, 'FINISHED', 4, 1, FALSE, NULL, 45, 18, '2025-01-27 16:00:00', '2025-01-27 16:45:00', 30, 'Session_10025'),
    (10026, 5, 'FINISHED', 5, 1, FALSE, NULL, 70, 21, '2025-01-28 17:00:00', '2025-01-28 18:10:00', 31, 'Session_10026'),
    (10027, 3, 'FINISHED', 3, 1, FALSE, NULL, 30, 9, '2025-01-29 10:00:00', '2025-01-29 10:30:00', 32, 'Session_10027'),
    (10028, 6, 'FINISHED', 6, 1, FALSE, NULL, 100, 24, '2025-01-30 19:00:00', '2025-01-30 20:40:00', 33, 'Session_10028'),
    (10029, 4, 'FINISHED', 4, 1, FALSE, NULL, 35, 11, '2025-01-31 11:00:00', '2025-01-31 11:35:00', 34, 'Session_10029'),
    (10030, 5, 'FINISHED', 5, 1, FALSE, NULL, 65, 22, '2025-02-01 14:00:00', '2025-02-01 15:05:00', 35, 'Session_10030'),
    (10031, 6, 'FINISHED', 6, 1, FALSE, NULL, 80, 27, '2025-02-02 12:00:00', '2025-02-02 13:20:00', 36, 'Session_10031'),
    (10032, 3, 'FINISHED', 3, 1, FALSE, NULL, 25, 13, '2025-02-03 20:00:00', '2025-02-03 20:25:00', 37, 'Session_10032'),
    (10033, 4, 'FINISHED', 4, 1, FALSE, NULL, 40, 15, '2025-02-04 09:00:00', '2025-02-04 09:40:00', 38, 'Session_10033'),
    (10034, 5, 'FINISHED', 5, 1, FALSE, NULL, 60, 20, '2025-02-05 16:00:00', '2025-02-05 17:00:00', 39, 'Session_10034'),
    (10035, 6, 'FINISHED', 6, 1, FALSE, NULL, 75, 30, '2025-02-06 11:00:00', '2025-02-06 12:15:00', 40, 'Session_10035'),    (10036, 5, 'FINISHED', 5, 1, FALSE, NULL, 39, 36, '2025-02-07 00:00:00', '2025-02-07 00:39:00', 10, 'Session_10036'),
    (10037, 3, 'FINISHED', 3, 1, FALSE, NULL, 88, 33, '2025-02-08 00:00:00', '2025-02-08 01:28:00', 43, 'Session_10037'),
    (10038, 5, 'FINISHED', 5, 1, FALSE, NULL, 36, 36, '2025-02-09 00:00:00', '2025-02-09 00:36:00', 50, 'Session_10038'),
    (10039, 3, 'FINISHED', 3, 1, FALSE, NULL, 62, 8, '2025-02-10 00:00:00', '2025-02-10 01:02:00', 31, 'Session_10039'),
    (10040, 6, 'FINISHED', 6, 1, FALSE, NULL, 60, 32, '2025-02-11 00:00:00', '2025-02-11 01:00:00', 32, 'Session_10040'),
    (10041, 6, 'FINISHED', 6, 1, FALSE, NULL, 88, 5, '2025-02-12 00:00:00', '2025-02-12 01:28:00', 19, 'Session_10041'),
    (10042, 6, 'FINISHED', 6, 1, FALSE, NULL, 49, 39, '2025-02-13 00:00:00', '2025-02-13 00:49:00', 27, 'Session_10042'),
    (10043, 3, 'FINISHED', 3, 1, FALSE, NULL, 84, 23, '2025-02-14 00:00:00', '2025-02-14 01:24:00', 9, 'Session_10043'),
    (10044, 5, 'FINISHED', 5, 1, FALSE, NULL, 91, 2, '2025-02-15 00:00:00', '2025-02-15 01:31:00', 40, 'Session_10044'),
    (10045, 3, 'FINISHED', 3, 1, FALSE, NULL, 76, 41, '2025-02-16 00:00:00', '2025-02-16 01:16:00', 40, 'Session_10045'),
    (10046, 6, 'FINISHED', 6, 1, FALSE, NULL, 65, 37, '2025-02-17 00:00:00', '2025-02-17 01:05:00', 19, 'Session_10046'),
    (10047, 5, 'FINISHED', 5, 1, FALSE, NULL, 37, 50, '2025-02-18 00:00:00', '2025-02-18 00:37:00', 37, 'Session_10047'),
    (10048, 5, 'FINISHED', 5, 1, FALSE, NULL, 70, 21, '2025-02-19 00:00:00', '2025-02-19 01:10:00', 25, 'Session_10048'),
    (10049, 3, 'FINISHED', 3, 1, FALSE, NULL, 50, 35, '2025-02-20 00:00:00', '2025-02-20 00:50:00', 7, 'Session_10049'),
    (10050, 5, 'FINISHED', 5, 1, FALSE, NULL, 56, 11, '2025-02-21 00:00:00', '2025-02-21 00:56:00', 43, 'Session_10050'),
    (10051, 3, 'FINISHED', 3, 1, FALSE, NULL, 98, 28, '2025-02-22 00:00:00', '2025-02-22 01:38:00', 17, 'Session_10051'),
    (10052, 4, 'FINISHED', 4, 1, FALSE, NULL, 90, 37, '2025-02-23 00:00:00', '2025-02-23 01:30:00', 30, 'Session_10052'),
    (10053, 4, 'FINISHED', 4, 1, FALSE, NULL, 112, 35, '2025-02-24 00:00:00', '2025-02-24 01:52:00', 14, 'Session_10053'),
    (10054, 6, 'FINISHED', 6, 1, FALSE, NULL, 21, 32, '2025-02-25 00:00:00', '2025-02-25 00:21:00', 35, 'Session_10054'),
    (10055, 4, 'FINISHED', 4, 1, FALSE, NULL, 40, 26, '2025-02-26 00:00:00', '2025-02-26 00:40:00', 26, 'Session_10055'),
    (10056, 4, 'FINISHED', 4, 1, FALSE, NULL, 78, 10, '2025-02-27 00:00:00', '2025-02-27 01:18:00', 22, 'Session_10056'),
    (10057, 6, 'FINISHED', 6, 1, FALSE, NULL, 28, 29, '2025-02-28 00:00:00', '2025-02-28 00:28:00', 44, 'Session_10057'),
    (10058, 5, 'FINISHED', 5, 1, FALSE, NULL, 53, 6, '2025-03-01 00:00:00', '2025-03-01 00:53:00', 36, 'Session_10058'),
    (10059, 4, 'FINISHED', 4, 1, FALSE, NULL, 117, 46, '2025-03-02 00:00:00', '2025-03-02 01:57:00', 21, 'Session_10059'),
    (10060, 4, 'FINISHED', 4, 1, FALSE, NULL, 92, 13, '2025-03-03 00:00:00', '2025-03-03 01:32:00', 36, 'Session_10060'),
    (10061, 5, 'FINISHED', 5, 1, FALSE, NULL, 115, 49, '2025-03-04 00:00:00', '2025-03-04 01:55:00', 38, 'Session_10061'),
    (10062, 5, 'FINISHED', 5, 1, FALSE, NULL, 37, 20, '2025-03-05 00:00:00', '2025-03-05 00:37:00', 29, 'Session_10062'),
    (10063, 4, 'FINISHED', 4, 1, FALSE, NULL, 76, 35, '2025-03-06 00:00:00', '2025-03-06 01:16:00', 22, 'Session_10063'),
    (10064, 5, 'FINISHED', 5, 1, FALSE, NULL, 100, 27, '2025-03-07 00:00:00', '2025-03-07 01:40:00', 44, 'Session_10064'),
    (10065, 3, 'FINISHED', 3, 1, FALSE, NULL, 76, 48, '2025-03-08 00:00:00', '2025-03-08 01:16:00', 20, 'Session_10065'),
    (10066, 4, 'FINISHED', 4, 1, FALSE, NULL, 74, 31, '2025-03-09 00:00:00', '2025-03-09 01:14:00', 50, 'Session_10066'),
    (10067, 4, 'FINISHED', 4, 1, FALSE, NULL, 64, 6, '2025-03-10 00:00:00', '2025-03-10 01:04:00', 15, 'Session_10067'),
    (10068, 5, 'FINISHED', 5, 1, FALSE, NULL, 116, 16, '2025-03-11 00:00:00', '2025-03-11 01:56:00', 23, 'Session_10068'),
    (10069, 3, 'FINISHED', 3, 1, FALSE, NULL, 42, 49, '2025-03-12 00:00:00', '2025-03-12 00:42:00', 30, 'Session_10069'),
    (10070, 4, 'FINISHED', 4, 1, FALSE, NULL, 23, 8, '2025-03-13 00:00:00', '2025-03-13 00:23:00', 32, 'Session_10070'),
    (10071, 6, 'FINISHED', 6, 1, FALSE, NULL, 92, 13, '2025-03-14 00:00:00', '2025-03-14 01:32:00', 25, 'Session_10071'),
    (10072, 6, 'FINISHED', 6, 1, FALSE, NULL, 26, 43, '2025-03-15 00:00:00', '2025-03-15 00:26:00', 22, 'Session_10072'),
    (10073, 3, 'FINISHED', 3, 1, FALSE, NULL, 33, 49, '2025-03-16 00:00:00', '2025-03-16 00:33:00', 39, 'Session_10073'),
    (10074, 3, 'FINISHED', 3, 1, FALSE, NULL, 89, 31, '2025-03-17 00:00:00', '2025-03-17 01:29:00', 13, 'Session_10074'),
    (10075, 6, 'FINISHED', 6, 1, FALSE, NULL, 109, 11, '2025-03-18 00:00:00', '2025-03-18 01:49:00', 9, 'Session_10075'),
    (10076, 6, 'FINISHED', 6, 1, FALSE, NULL, 95, 17, '2025-03-19 00:00:00', '2025-03-19 01:35:00', 27, 'Session_10076'),
    (10077, 6, 'FINISHED', 6, 1, FALSE, NULL, 83, 39, '2025-03-20 00:00:00', '2025-03-20 01:23:00', 18, 'Session_10077'),
    (10078, 5, 'FINISHED', 5, 1, FALSE, NULL, 100, 3, '2025-03-21 00:00:00', '2025-03-21 01:40:00', 32, 'Session_10078'),
    (10079, 6, 'FINISHED', 6, 1, FALSE, NULL, 48, 46, '2025-03-22 00:00:00', '2025-03-22 00:48:00', 4, 'Session_10079'),
    (10080, 5, 'FINISHED', 5, 1, FALSE, NULL, 64, 18, '2025-03-23 00:00:00', '2025-03-23 01:04:00', 3, 'Session_10080'),
    (10081, 4, 'FINISHED', 4, 1, FALSE, NULL, 111, 6, '2025-03-24 00:00:00', '2025-03-24 01:51:00', 9, 'Session_10081'),
    (10082, 3, 'FINISHED', 3, 1, FALSE, NULL, 103, 28, '2025-03-25 00:00:00', '2025-03-25 01:43:00', 46, 'Session_10082'),
    (10083, 6, 'FINISHED', 6, 1, FALSE, NULL, 41, 5, '2025-03-26 00:00:00', '2025-03-26 00:41:00', 15, 'Session_10083'),
    (10084, 3, 'FINISHED', 3, 1, FALSE, NULL, 54, 30, '2025-03-27 00:00:00', '2025-03-27 00:54:00', 27, 'Session_10084'),
    (10085, 5, 'FINISHED', 5, 1, FALSE, NULL, 63, 39, '2025-03-28 00:00:00', '2025-03-28 01:03:00', 27, 'Session_10085');


-- Datos de ejemplo para GameSession_Users
INSERT INTO game_session_users (game_session_id, user_id) VALUES
    (10000, 2),
    (10000, 3),
    (10001, 2),
    (10001, 3),
        (10002, 2),
    (10002, 3),
        (10002, 6),
    (10002, 7),
            (10001, 6),
    (10001, 7),
    (10003, 2),
(10003, 6),
(10004, 5),
(10004, 3),
(10004, 7),
(10005, 3),
(10005, 7),
(10005, 2),
(10005, 6),
(10005, 4),
(10005, 5),
(10006, 2),
(10006, 5),
(10006, 3),
(10006, 6),
(10007, 6),
(10007, 5),
(10007, 2),
(10007, 3),
(10007, 7),
(10007, 4),
    (10008, 6),
    (10008, 8),
    (10008, 9),
    (10008, 10),
    (10009, 10),
    (10009, 12),
    (10009, 13),
    (10009, 15),
    (10009, 16),
    (10010, 8),
    (10010, 9),
    (10010, 7),
    (10011, 12),
    (10011, 13),
    (10011, 14),
    (10011, 15),
    (10011, 16),
    (10011, 18),
    (10012, 7),
    (10012, 11),
    (10012, 8),
    (10012, 6),
    (10013, 13),
    (10013, 14),
    (10013, 15),
    (10013, 16),
    (10013, 18),
    (10014, 20),
    (10014, 18),
    (10014, 17),
    (10014, 16),
    (10014, 15),
    (10014, 14),
    (10015, 13),
    (10015, 17),
    (10015, 18),
        (10016, 19), (10016, 21), (10016, 22), (10016, 23),
    (10017, 23), (10017, 25), (10017, 26), (10017, 28), (10017, 29),
    (10018, 12), (10018, 15), (10018, 17),
    (10019, 30), (10019, 31), (10019, 32), (10019, 33), (10019, 35), (10019, 36),
    (10020, 16), (10020, 18), (10020, 19), (10020, 20),
    (10021, 28), (10021, 27), (10021, 26), (10021, 25), (10021, 24), (10021, 23),
    (10022, 14), (10022, 13), (10022, 12),
    (10023, 25), (10023, 26), (10023, 27), (10023, 28), (10023, 29),
    (10024, 32), (10024, 33), (10024, 34), (10024, 35), (10024, 36), (10024, 37),
    (10025, 18), (10025, 17), (10025, 16), (10025, 15),
    (10026, 21), (10026, 22), (10026, 23), (10026, 24), (10026, 25),
    (10027, 9), (10027, 10), (10027, 11),
    (10028, 24), (10028, 25), (10028, 26), (10028, 27), (10028, 28), (10028, 29),
    (10029, 11), (10029, 12), (10029, 13), (10029, 14),
    (10030, 22), (10030, 23), (10030, 24), (10030, 25), (10030, 26),
    (10031, 27), (10031, 28), (10031, 29), (10031, 30), (10031, 31), (10031, 32),
    (10032, 13), (10032, 14), (10032, 15),
    (10033, 15), (10033, 16), (10033, 17), (10033, 18),
    (10034, 20), (10034, 21), (10034, 22), (10034, 23), (10034, 24),
    (10035, 30), (10035, 31), (10035, 32), (10035, 33), (10035, 34), (10035, 35),    (10036, 17),
    (10036, 47),
    (10036, 32),
    (10036, 11),
    (10036, 37),
    (10037, 43),
    (10037, 17),
    (10037, 34),
    (10038, 42),
    (10038, 19),
    (10038, 31),
    (10038, 3),
    (10038, 16),
    (10039, 24),
    (10039, 3),
    (10039, 7),
    (10040, 33),
    (10040, 7),
    (10040, 30),
    (10040, 42),
    (10040, 17),
    (10040, 26),
    (10041, 14),
    (10041, 13),
    (10041, 36),
    (10041, 48),
    (10041, 30),
    (10041, 28),
    (10042, 32),
    (10042, 3),
    (10042, 33),
    (10042, 16),
    (10042, 47),
    (10042, 12),
    (10043, 31),
    (10043, 29),
    (10043, 33),
    (10044, 2),
    (10044, 32),
    (10044, 18),
    (10044, 14),
    (10044, 5),
    (10045, 17),
    (10045, 31),
    (10045, 14),
    (10046, 4),
    (10046, 24),
    (10046, 22),
    (10046, 14),
    (10046, 26),
    (10046, 30),
    (10047, 16),
    (10047, 18),
    (10047, 27),
    (10047, 15),
    (10047, 12),
    (10048, 38),
    (10048, 2),
    (10048, 18),
    (10048, 21),
    (10048, 33),
    (10049, 27),
    (10049, 50),
    (10049, 15),
    (10050, 6),
    (10050, 49),
    (10050, 14),
    (10050, 34),
    (10050, 12),
    (10051, 27),
    (10051, 21),
    (10051, 12),
    (10052, 23),
    (10052, 46),
    (10052, 26),
    (10052, 29),
    (10053, 17),
    (10053, 12),
    (10053, 35),
    (10053, 26),
    (10054, 16),
    (10054, 3),
    (10054, 49),
    (10054, 36),
    (10054, 23),
    (10054, 32),
    (10055, 13),
    (10055, 48),
    (10055, 19),
    (10055, 29),
    (10056, 34),
    (10056, 14),
    (10056, 44),
    (10056, 19),
    (10057, 17),
    (10057, 30),
    (10057, 16),
    (10057, 14),
    (10057, 32),
    (10057, 2),
    (10058, 6),
    (10058, 32),
    (10058, 40),
    (10058, 25),
    (10058, 22),
    (10059, 31),
    (10059, 21),
    (10059, 44),
    (10059, 9),
    (10060, 21),
    (10060, 31),
    (10060, 36),
    (10060, 45),
    (10061, 34),
    (10061, 14),
    (10061, 12),
    (10061, 22),
    (10061, 23),
    (10062, 48),
    (10062, 38),
    (10062, 13),
    (10062, 23),
    (10062, 4),
    (10063, 47),
    (10063, 46),
    (10063, 37),
    (10063, 14),
    (10064, 9),
    (10064, 27),
    (10064, 12),
    (10064, 49),
    (10064, 19),
    (10065, 21),
    (10065, 30),
    (10065, 3),
    (10066, 46),
    (10066, 34),
    (10066, 8),
    (10066, 49),
    (10067, 29),
    (10067, 43),
    (10067, 42),
    (10067, 28),
    (10068, 32),
    (10068, 25),
    (10068, 49),
    (10068, 40),
    (10068, 26),
    (10069, 49),
    (10069, 12),
    (10069, 8),
    (10070, 36),
    (10070, 16),
    (10070, 5),
    (10070, 43),
    (10071, 28),
    (10071, 4),
    (10071, 25),
    (10071, 6),
    (10071, 45),
    (10071, 41),
    (10072, 45),
    (10072, 9),
    (10072, 32),
    (10072, 50),
    (10072, 26),
    (10072, 33),
    (10073, 47),
    (10073, 23),
    (10073, 43),
    (10074, 20),
    (10074, 34),
    (10074, 13),
    (10075, 50),
    (10075, 33),
    (10075, 20),
    (10075, 49),
    (10075, 16),
    (10075, 34),
    (10076, 35),
    (10076, 47),
    (10076, 17),
    (10076, 27),
    (10076, 36),
    (10076, 10),
    (10077, 38),
    (10077, 5),
    (10077, 49),
    (10077, 37),
    (10077, 40),
    (10077, 31),
    (10078, 25),
    (10078, 19),
    (10078, 20),
    (10078, 38),
    (10078, 23),
    (10079, 44),
    (10079, 25),
    (10079, 30),
    (10079, 31),
    (10079, 3),
    (10079, 35),
    (10080, 48),
    (10080, 42),
    (10080, 46),
    (10080, 49),
    (10080, 37),
    (10081, 22),
    (10081, 42),
    (10081, 30),
    (10081, 18),
    (10082, 13),
    (10082, 38),
    (10082, 43),
    (10083, 15),
    (10083, 13),
    (10083, 19),
    (10083, 39),
    (10083, 33),
    (10083, 7),
    (10084, 30),
    (10084, 6),
    (10084, 24),
    (10085, 34),
    (10085, 42),
    (10085, 41),
    (10085, 50),
    (10085, 3);
-- Datos de ejemplo para PieceState
INSERT INTO piece_state (id, dtype) VALUES
    (5000, 'DRAW'),
        (5001, 'DRAW');


-- Datos de ejemplo para Piece
INSERT INTO Piece (id, player_order, word, strength, image, is_campbell, position_id, user_id, game_id, state_id, action_points)
VALUES
    -- Game ID 3, 2 jugadores (2 Users')
    (4, 1, NULL, 3, '/piece0.png', FALSE, 5, 2, 10000, NULL, 2),
    (5, 2, NULL, 4, '/piece1.png', FALSE, 6, 3, 10000, NULL, 3),

    -- Game ID 4, 11 jugadores (1 Campbell, 4 Users, 6 NPCs, imágenes específicas)
    (6, 1, 'word', 3, '/piece0.png', FALSE, 5, 2, 10001, 5000, 2),
    (7, 2, 'word', 4, '/piece1.png', FALSE, 6, 3, 10001, NULL, 3),
    (8, 3, NULL, 1, '/piece2.png', FALSE, 7, 6, 10001, NULL, 1),
    (9, 4, NULL, 1, '/piece3.png', FALSE, 8, 7, 10001, NULL, NULL),
    (10, NULL, NULL, 1, '/piecenpc.png', FALSE, 9, NULL, 10001, NULL, 1),
    (11, NULL, NULL, 1, '/piecenpc.png', FALSE, 10, NULL, 10001, NULL, 1),
    (12, NULL, NULL, 1, '/piecenpc.png', FALSE, 11, NULL, 10001, NULL, 1),
    (13, NULL, NULL, 1, '/piecenpc.png', FALSE, 12, NULL, 10001, NULL, 1),
    (14, NULL, NULL, 1, '/piecenpc.png', FALSE, 13, NULL, 10001, NULL, 1),
    (15, NULL, NULL, 1, '/piecenpc.png', FALSE, 13, NULL, 10001, NULL, 1),
    (16, NULL, NULL, 1, '/piecenpc.png', TRUE, 1, NULL, 10001, NULL, 1),
        -- Game ID 4, 11 jugadores (1 Campbell, 4 Users, 6 NPCs, imágenes específicas) FINISHED
    (17, 1, 'word', 3, '/piece0.png', FALSE, 5, 2, 10002, 5001, 2),
    (18, 2, 'word', 4, '/piece1.png', FALSE, 6, 3, 10002, NULL, 3),
    (19, 3, NULL, 1, '/piece2.png', FALSE, 7, 6, 10002, NULL, 1),
    (20, 4, NULL, 1, '/piece3.png', FALSE, 8, 7, 10002, NULL, NULL),
    (21, NULL, NULL, 1, '/piecenpc.png', FALSE, 9, NULL, 10002, NULL, 1),
    (22, NULL, NULL, 1, '/piecenpc.png', FALSE, 10, NULL, 10002, NULL, 1),
    (23, NULL, NULL, 1, '/piecenpc.png', FALSE, 11, NULL, 10002, NULL, 1),
    (24, NULL, NULL, 1, '/piecenpc.png', FALSE, 12, NULL, 10002, NULL, 1),
    (25, NULL, NULL, 1, '/piecenpc.png', FALSE, 13, NULL, 10002, NULL, 1),
    (26, NULL, NULL, 1, '/piecenpc.png', FALSE, 13, NULL, 10002, NULL, 1),
    (27, NULL, NULL, 1, '/piecenpc.png', TRUE, 1, NULL, 10002, NULL, 1);


INSERT INTO GAMESESSIONS(CHAT_ROOM_ID,CREATOR_ID, CURRENT_PLAYERS, ID, IS_PRIVATE, MAX_PLAYERS, TURN, WINNER_ID, END_TIME, START_TIME, NAME, PIN, STATUS) VALUES (1,3,3,1,false,3,0,null,null,null,'juego1',null,'IN_PROGRESS');
INSERT INTO GAMESESSIONS(CHAT_ROOM_ID,CREATOR_ID, CURRENT_PLAYERS, ID, IS_PRIVATE, MAX_PLAYERS, TURN, WINNER_ID, END_TIME, START_TIME, NAME, PIN, STATUS) VALUES (2,3,3,2,false,3,0,null,null,null,'juego2',null,'IN_PROGRESS');
INSERT INTO GAME_SESSION_USERS(GAME_SESSION_ID,USER_ID) VALUES (1,3);
INSERT INTO GAME_SESSION_USERS(GAME_SESSION_ID,USER_ID) VALUES (1,2);
INSERT INTO GAME_SESSION_USERS(GAME_SESSION_ID,USER_ID) VALUES (1,4);
INSERT INTO GAME_SESSION_USERS(GAME_SESSION_ID,USER_ID) VALUES (2,3);
INSERT INTO GAME_SESSION_USERS(GAME_SESSION_ID,USER_ID) VALUES (2,2);
INSERT INTO GAME_SESSION_USERS(GAME_SESSION_ID,USER_ID) VALUES (2,4);
INSERT INTO PIECE(GAME_ID,ID,IS_CAMPBELL,POSITION_ID,STRENGTH,USER_ID,IMAGE,PLAYER_ORDER) VALUES (1,1,false,2,1,3,null,0);
INSERT INTO PIECE(GAME_ID,ID,IS_CAMPBELL,POSITION_ID,STRENGTH,USER_ID,IMAGE,PLAYER_ORDER) VALUES (1,2,false,3,1,2,null,1);
INSERT INTO PIECE(GAME_ID,ID,IS_CAMPBELL,POSITION_ID,STRENGTH,USER_ID,IMAGE,PLAYER_ORDER) VALUES (1,3,false,4,1,4,null,2);
INSERT INTO fight (id, attacker_id, defender_id, winner_id, can_take_discard_pile) VALUES
(1, 1, 2, 1, false),
(2, 2, 3, 3, false),
(3, 1, 3, 1, false);

-- Datos de ejemplo para Fight
INSERT INTO Fight (id, attacker_id, attacker_dice_value, defender_dice_value, defender_id, winner_id, can_take_discard_pile, take_from_other_player)
VALUES
    (4, 4, 5, 3, 5, 4, TRUE, TRUE),
    (5, 5, 4, 6, 4, 5, FALSE, FALSE);


INSERT INTO DECK(GAME_SESSION_ID, ID, IS_DISCARD) VALUES (1, 1, false);
INSERT INTO DECK(GAME_SESSION_ID, ID, IS_DISCARD) VALUES (1, 2, true);
INSERT INTO DECK(GAME_SESSION_ID, ID, IS_DISCARD) VALUES (10000, 3, false);
INSERT INTO DECK(GAME_SESSION_ID, ID, IS_DISCARD) VALUES (10000, 4, true);
INSERT INTO DECK(GAME_SESSION_ID, ID, IS_DISCARD) VALUES (10001, 5, false);
INSERT INTO DECK(GAME_SESSION_ID, ID, IS_DISCARD) VALUES (10001, 6, true);
INSERT INTO DECK(GAME_SESSION_ID, ID, IS_DISCARD) VALUES (10002, 7, false);
INSERT INTO DECK(GAME_SESSION_ID, ID, IS_DISCARD) VALUES (10002, 8, true);

INSERT INTO FRIENDSHIP (ID, USER1_ID, USER2_ID, STATUS) VALUES (1, 3, 4, 'PENDING');
INSERT INTO FRIENDSHIP (ID, USER1_ID, USER2_ID, STATUS) VALUES (2, 3, 5, 'ACCEPTED');
INSERT INTO FRIENDSHIP (ID, USER1_ID, USER2_ID, STATUS) VALUES (3, 3, 6, 'ACCEPTED');
INSERT INTO FRIENDSHIP (ID, USER1_ID, USER2_ID, STATUS) VALUES (4, 3, 7, 'ACCEPTED');
INSERT INTO FRIENDSHIP (ID, USER1_ID, USER2_ID, STATUS) VALUES (5, 4, 7, 'ACCEPTED');
INSERT INTO FRIENDSHIP (ID, USER1_ID, USER2_ID, STATUS) VALUES (6, 5, 6, 'ACCEPTED');



INSERT INTO GameSessions (id, max_players, status, current_players, turn, is_private, pin, game_duration, winner_id, start_time, end_time, creator_id, name) VALUES
    (10086, 4, 'FINISHED', 4, 1, FALSE, NULL, 36, 38, '2025-03-01 00:00:00', '2025-03-01 00:36:00', 34, 'CrystalCave'),
    (10087, 4, 'FINISHED', 4, 1, FALSE, NULL, 26, 14, '2025-03-02 00:00:00', '2025-03-02 00:26:00', 4, 'FrozenSpire'),
    (10088, 5, 'FINISHED', 5, 1, FALSE, NULL, 83, 9, '2025-03-03 00:00:00', '2025-03-03 01:23:00', 15, 'DragonFury'),
    (10089, 4, 'FINISHED', 4, 1, FALSE, NULL, 64, 44, '2025-03-04 00:00:00', '2025-03-04 01:04:00', 23, 'DarkHorizon'),
    (10090, 6, 'FINISHED', 6, 1, FALSE, NULL, 68, 15, '2025-03-05 00:00:00', '2025-03-05 01:08:00', 8, 'WindBreaker'),
    (10091, 6, 'FINISHED', 6, 1, FALSE, NULL, 47, 49, '2025-03-06 00:00:00', '2025-03-06 00:47:00', 33, 'WildWest'),
    (10092, 4, 'FINISHED', 4, 1, FALSE, NULL, 99, 23, '2025-03-07 00:00:00', '2025-03-07 01:39:00', 6, 'Sandstorm'),
    (10093, 4, 'FINISHED', 4, 1, FALSE, NULL, 94, 25, '2025-03-08 00:00:00', '2025-03-08 01:34:00', 37, 'MoonlitVale'),
    (10094, 6, 'FINISHED', 6, 1, FALSE, NULL, 70, 2, '2025-03-09 00:00:00', '2025-03-09 01:10:00', 30, 'InfernoCanyon'),
    (10095, 4, 'FINISHED', 4, 1, FALSE, NULL, 52, 45, '2025-03-10 00:00:00', '2025-03-10 00:52:00', 23, 'KnightsChallenge'),
    (10096, 4, 'FINISHED', 4, 1, FALSE, NULL, 75, 7, '2025-03-11 00:00:00', '2025-03-11 01:15:00', 49, 'MysticQuest'),
    (10097, 3, 'FINISHED', 3, 1, FALSE, NULL, 33, 48, '2025-03-12 00:00:00', '2025-03-12 00:33:00', 38, 'CrimsonEmpire'),
    (10098, 3, 'FINISHED', 3, 1, FALSE, NULL, 46, 48, '2025-03-13 00:00:00', '2025-03-13 00:46:00', 13, 'TwilightZone'),
    (10099, 4, 'FINISHED', 4, 1, FALSE, NULL, 60, 6, '2025-03-14 00:00:00', '2025-03-14 01:00:00', 42, 'EmeraldTrail'),
    (10100, 4, 'FINISHED', 4, 1, FALSE, NULL, 87, 29, '2025-03-15 00:00:00', '2025-03-15 01:27:00', 23, 'CrystalCave'),
    (10101, 6, 'FINISHED', 6, 1, FALSE, NULL, 97, 12, '2025-03-16 00:00:00', '2025-03-16 01:37:00', 44, 'BattleRoyale'),
    (10102, 6, 'FINISHED', 6, 1, FALSE, NULL, 40, 16, '2025-03-17 00:00:00', '2025-03-17 00:40:00', 15, 'WolfDen'),
    (10103, 3, 'FINISHED', 3, 1, FALSE, NULL, 54, 37, '2025-03-18 00:00:00', '2025-03-18 00:54:00', 12, 'OblivionEdge'),
    (10104, 4, 'FINISHED', 4, 1, FALSE, NULL, 75, 37, '2025-03-19 00:00:00', '2025-03-19 01:15:00', 27, 'MagicDuel'),
    (10105, 6, 'FINISHED', 6, 1, FALSE, NULL, 82, 22, '2025-03-20 00:00:00', '2025-03-20 01:22:00', 16, 'CrimsonEmpire'),
    (10106, 6, 'FINISHED', 6, 1, FALSE, NULL, 110, 10, '2025-03-21 00:00:00', '2025-03-21 01:50:00', 4, 'Starlight'),
    (10107, 5, 'FINISHED', 5, 1, FALSE, NULL, 77, 36, '2025-03-22 00:00:00', '2025-03-22 01:17:00', 8, 'GalacticWars'),
    (10108, 4, 'FINISHED', 4, 1, FALSE, NULL, 78, 45, '2025-03-23 00:00:00', '2025-03-23 01:18:00', 34, 'LunarEclipse'),
    (10109, 3, 'FINISHED', 3, 1, FALSE, NULL, 58, 3, '2025-03-24 00:00:00', '2025-03-24 00:58:00', 3, 'GalacticWars'),
    (10110, 5, 'FINISHED', 5, 1, FALSE, NULL, 88, 48, '2025-03-25 00:00:00', '2025-03-25 01:28:00', 33, 'CrimsonEmpire'),
    (10111, 3, 'FINISHED', 3, 1, FALSE, NULL, 57, 43, '2025-03-26 00:00:00', '2025-03-26 00:57:00', 7, 'ChaosTheory'),
    (10112, 5, 'FINISHED', 5, 1, FALSE, NULL, 54, 4, '2025-03-27 00:00:00', '2025-03-27 00:54:00', 26, 'IronClash'),
    (10113, 6, 'FINISHED', 6, 1, FALSE, NULL, 22, 27, '2025-03-28 00:00:00', '2025-03-28 00:22:00', 6, 'HiddenTemple'),
    (10114, 3, 'FINISHED', 3, 1, FALSE, NULL, 80, 6, '2025-03-29 00:00:00', '2025-03-29 01:20:00', 12, 'Skyfall'),
    (10115, 5, 'FINISHED', 5, 1, FALSE, NULL, 113, 25, '2025-03-30 00:00:00', '2025-03-30 01:53:00', 21, 'TwilightZone'),
    (10116, 6, 'FINISHED', 6, 1, FALSE, NULL, 73, 2, '2025-03-31 00:00:00', '2025-03-31 01:13:00', 41, 'MysticQuest'),
    (10117, 6, 'FINISHED', 6, 1, FALSE, NULL, 118, 49, '2025-04-01 00:00:00', '2025-04-01 01:58:00', 16, 'ChaosTheory'),
    (10118, 4, 'FINISHED', 4, 1, FALSE, NULL, 72, 49, '2025-04-02 00:00:00', '2025-04-02 01:12:00', 5, 'StarForge'),
    (10119, 4, 'FINISHED', 4, 1, FALSE, NULL, 64, 8, '2025-04-03 00:00:00', '2025-04-03 01:04:00', 42, 'DarkHorizon'),
    (10120, 5, 'FINISHED', 5, 1, FALSE, NULL, 83, 11, '2025-04-04 00:00:00', '2025-04-04 01:23:00', 15, 'DarkHorizon'),
    (10121, 3, 'FINISHED', 3, 1, FALSE, NULL, 114, 41, '2025-04-05 00:00:00', '2025-04-05 01:54:00', 3, 'IronClash'),
    (10122, 4, 'FINISHED', 4, 1, FALSE, NULL, 63, 27, '2025-04-06 00:00:00', '2025-04-06 01:03:00', 36, 'ShadowRealm'),
    (10123, 5, 'FINISHED', 5, 1, FALSE, NULL, 120, 28, '2025-04-07 00:00:00', '2025-04-07 02:00:00', 34, 'Sandstorm'),
    (10124, 5, 'FINISHED', 5, 1, FALSE, NULL, 30, 50, '2025-04-08 00:00:00', '2025-04-08 00:30:00', 9, 'BattleRoyale'),
    (10125, 4, 'FINISHED', 4, 1, FALSE, NULL, 37, 15, '2025-04-09 00:00:00', '2025-04-09 00:37:00', 31, 'ChaosTheory'),
    (10126, 3, 'FINISHED', 3, 1, FALSE, NULL, 80, 14, '2025-04-10 00:00:00', '2025-04-10 01:20:00', 19, 'Sandstorm'),
    (10127, 3, 'FINISHED', 3, 1, FALSE, NULL, 107, 39, '2025-04-11 00:00:00', '2025-04-11 01:47:00', 2, 'MysticQuest'),
    (10128, 5, 'FINISHED', 5, 1, FALSE, NULL, 24, 35, '2025-04-12 00:00:00', '2025-04-12 00:24:00', 41, 'MoonlitVale'),
    (10129, 3, 'FINISHED', 3, 1, FALSE, NULL, 100, 9, '2025-04-13 00:00:00', '2025-04-13 01:40:00', 20, 'Underworld'),
    (10130, 5, 'FINISHED', 5, 1, FALSE, NULL, 35, 42, '2025-04-14 00:00:00', '2025-04-14 00:35:00', 29, 'PhantomBattle'),
    (10131, 5, 'FINISHED', 5, 1, FALSE, NULL, 115, 47, '2025-04-15 00:00:00', '2025-04-15 01:55:00', 36, 'SilentFortress'),
    (10132, 4, 'FINISHED', 4, 1, FALSE, NULL, 46, 7, '2025-04-16 00:00:00', '2025-04-16 00:46:00', 23, 'GoldenAge'),
    (10133, 3, 'FINISHED', 3, 1, FALSE, NULL, 112, 17, '2025-04-17 00:00:00', '2025-04-17 01:52:00', 48, 'BattleRoyale'),
    (10134, 5, 'FINISHED', 5, 1, FALSE, NULL, 114, 42, '2025-04-18 00:00:00', '2025-04-18 01:54:00', 30, 'Starlight'),
    (10135, 3, 'FINISHED', 3, 1, FALSE, NULL, 94, 9, '2025-04-19 00:00:00', '2025-04-19 01:34:00', 16, 'Sandstorm'),
    (10136, 3, 'FINISHED', 3, 1, FALSE, NULL, 112, 15, '2025-04-20 00:00:00', '2025-04-20 01:52:00', 32, 'Starlight'),
    (10137, 6, 'FINISHED', 6, 1, FALSE, NULL, 89, 15, '2025-04-21 00:00:00', '2025-04-21 01:29:00', 16, 'WindBreaker'),
    (10138, 5, 'FINISHED', 5, 1, FALSE, NULL, 83, 7, '2025-04-22 00:00:00', '2025-04-22 01:23:00', 8, 'ThunderStrike'),
    (10139, 5, 'FINISHED', 5, 1, FALSE, NULL, 106, 18, '2025-04-23 00:00:00', '2025-04-23 01:46:00', 35, 'DesertStorm'),
    (10140, 4, 'FINISHED', 4, 1, FALSE, NULL, 73, 4, '2025-04-24 00:00:00', '2025-04-24 01:13:00', 5, 'Starlight'),
    (10141, 5, 'FINISHED', 5, 1, FALSE, NULL, 107, 50, '2025-04-25 00:00:00', '2025-04-25 01:47:00', 45, 'ForestGuardians'),
    (10142, 3, 'FINISHED', 3, 1, FALSE, NULL, 70, 48, '2025-04-26 00:00:00', '2025-04-26 01:10:00', 40, 'MagicDuel'),
    (10143, 5, 'FINISHED', 5, 1, FALSE, NULL, 63, 6, '2025-04-27 00:00:00', '2025-04-27 01:03:00', 31, 'FrozenSpire'),
    (10144, 5, 'FINISHED', 5, 1, FALSE, NULL, 36, 16, '2025-04-28 00:00:00', '2025-04-28 00:36:00', 34, 'TwilightZone'),
    (10145, 3, 'FINISHED', 3, 1, FALSE, NULL, 83, 48, '2025-04-29 00:00:00', '2025-04-29 01:23:00', 38, 'PhantomBattle'),
    (10146, 4, 'FINISHED', 4, 1, FALSE, NULL, 72, 42, '2025-04-30 00:00:00', '2025-04-30 01:12:00', 28, 'MoonlitVale'),
    (10147, 6, 'FINISHED', 6, 1, FALSE, NULL, 90, 14, '2025-05-01 00:00:00', '2025-05-01 01:30:00', 40, 'Sandstorm'),
    (10148, 3, 'FINISHED', 3, 1, FALSE, NULL, 117, 42, '2025-05-02 00:00:00', '2025-05-02 01:57:00', 48, 'BattleRoyale'),
    (10149, 4, 'FINISHED', 4, 1, FALSE, NULL, 40, 25, '2025-05-03 00:00:00', '2025-05-03 00:40:00', 29, 'Underworld'),
    (10150, 6, 'FINISHED', 6, 1, FALSE, NULL, 27, 28, '2025-05-04 00:00:00', '2025-05-04 00:27:00', 27, 'WindBreaker'),
    (10151, 5, 'FINISHED', 5, 1, FALSE, NULL, 30, 49, '2025-05-05 00:00:00', '2025-05-05 00:30:00', 28, 'EclipseBattle'),
    (10152, 3, 'FINISHED', 3, 1, FALSE, NULL, 33, 6, '2025-05-06 00:00:00', '2025-05-06 00:33:00', 30, 'BattleRoyale'),
    (10153, 4, 'FINISHED', 4, 1, FALSE, NULL, 110, 2, '2025-05-07 00:00:00', '2025-05-07 01:50:00', 18, 'SpaceOdyssey'),
    (10154, 3, 'FINISHED', 3, 1, FALSE, NULL, 106, 25, '2025-05-08 00:00:00', '2025-05-08 01:46:00', 6, 'Sandstorm'),
    (10155, 5, 'FINISHED', 5, 1, FALSE, NULL, 54, 32, '2025-05-09 00:00:00', '2025-05-09 00:54:00', 18, 'SolarFlare'),
    (10156, 6, 'FINISHED', 6, 1, FALSE, NULL, 62, 19, '2025-05-10 00:00:00', '2025-05-10 01:02:00', 24, 'HiddenTemple'),
    (10157, 6, 'FINISHED', 6, 1, FALSE, NULL, 32, 30, '2025-05-11 00:00:00', '2025-05-11 00:32:00', 25, 'SpaceOdyssey'),
    (10158, 4, 'FINISHED', 4, 1, FALSE, NULL, 91, 44, '2025-05-12 00:00:00', '2025-05-12 01:31:00', 45, 'Underworld'),
    (10159, 5, 'FINISHED', 5, 1, FALSE, NULL, 109, 16, '2025-05-13 00:00:00', '2025-05-13 01:49:00', 23, 'FrozenSpire'),
    (10160, 4, 'FINISHED', 4, 1, FALSE, NULL, 55, 17, '2025-05-14 00:00:00', '2025-05-14 00:55:00', 31, 'WildWest'),
    (10161, 6, 'FINISHED', 6, 1, FALSE, NULL, 48, 9, '2025-05-15 00:00:00', '2025-05-15 00:48:00', 29, 'Skyfall'),
    (10162, 6, 'FINISHED', 6, 1, FALSE, NULL, 49, 16, '2025-05-16 00:00:00', '2025-05-16 00:49:00', 6, 'HiddenTemple'),
    (10163, 3, 'FINISHED', 3, 1, FALSE, NULL, 89, 8, '2025-05-17 00:00:00', '2025-05-17 01:29:00', 40, 'SacredPath'),
    (10164, 5, 'FINISHED', 5, 1, FALSE, NULL, 69, 7, '2025-05-18 00:00:00', '2025-05-18 01:09:00', 6, 'OblivionEdge'),
    (10165, 5, 'FINISHED', 5, 1, FALSE, NULL, 33, 43, '2025-05-19 00:00:00', '2025-05-19 00:33:00', 33, 'WolfDen'),
    (10166, 6, 'FINISHED', 6, 1, FALSE, NULL, 27, 11, '2025-05-20 00:00:00', '2025-05-20 00:27:00', 26, 'VenomSpire'),
    (10167, 6, 'FINISHED', 6, 1, FALSE, NULL, 46, 30, '2025-05-21 00:00:00', '2025-05-21 00:46:00', 41, 'PhantomBattle'),
    (10168, 6, 'FINISHED', 6, 1, FALSE, NULL, 88, 36, '2025-05-22 00:00:00', '2025-05-22 01:28:00', 35, 'CyberPunk'),
    (10169, 6, 'FINISHED', 6, 1, FALSE, NULL, 106, 35, '2025-05-23 00:00:00', '2025-05-23 01:46:00', 45, 'WolfDen'),
    (10170, 4, 'FINISHED', 4, 1, FALSE, NULL, 46, 7, '2025-05-24 00:00:00', '2025-05-24 00:46:00', 8, 'FireEmblem'),
    (10171, 5, 'FINISHED', 5, 1, FALSE, NULL, 63, 3, '2025-05-25 00:00:00', '2025-05-25 01:03:00', 24, 'Starlight'),
    (10172, 6, 'FINISHED', 6, 1, FALSE, NULL, 27, 8, '2025-05-26 00:00:00', '2025-05-26 00:27:00', 39, 'BlazeHaven'),
    (10173, 3, 'FINISHED', 3, 1, FALSE, NULL, 47, 33, '2025-05-27 00:00:00', '2025-05-27 00:47:00', 3, 'VenomSpire'),
    (10174, 3, 'FINISHED', 3, 1, FALSE, NULL, 114, 27, '2025-05-28 00:00:00', '2025-05-28 01:54:00', 11, 'OblivionEdge'),
    (10175, 5, 'FINISHED', 5, 1, FALSE, NULL, 56, 47, '2025-05-29 00:00:00', '2025-05-29 00:56:00', 32, 'ForestGuardians'),
    (10176, 3, 'FINISHED', 3, 1, FALSE, NULL, 81, 10, '2025-05-30 00:00:00', '2025-05-30 01:21:00', 50, 'MysticQuest'),
    (10177, 5, 'FINISHED', 5, 1, FALSE, NULL, 108, 38, '2025-05-31 00:00:00', '2025-05-31 01:48:00', 15, 'CrystalCave'),
    (10178, 6, 'FINISHED', 6, 1, FALSE, NULL, 45, 28, '2025-06-01 00:00:00', '2025-06-01 00:45:00', 8, 'SilentFortress'),
    (10179, 4, 'FINISHED', 4, 1, FALSE, NULL, 32, 23, '2025-06-02 00:00:00', '2025-06-02 00:32:00', 47, 'PhantomBattle'),
    (10180, 4, 'FINISHED', 4, 1, FALSE, NULL, 33, 32, '2025-06-03 00:00:00', '2025-06-03 00:33:00', 17, 'Underworld'),
    (10181, 5, 'FINISHED', 5, 1, FALSE, NULL, 53, 41, '2025-06-04 00:00:00', '2025-06-04 00:53:00', 40, 'WildWest'),
    (10182, 5, 'FINISHED', 5, 1, FALSE, NULL, 106, 38, '2025-06-05 00:00:00', '2025-06-05 01:46:00', 25, 'Skyfall'),
    (10183, 6, 'FINISHED', 6, 1, FALSE, NULL, 111, 25, '2025-06-06 00:00:00', '2025-06-06 01:51:00', 44, 'MoonlitVale'),
    (10184, 4, 'FINISHED', 4, 1, FALSE, NULL, 79, 27, '2025-06-07 00:00:00', '2025-06-07 01:19:00', 10, 'TitanFall'),
    (10185, 6, 'FINISHED', 6, 1, FALSE, NULL, 27, 32, '2025-06-08 00:00:00', '2025-06-08 00:27:00', 37, 'IronClash');


    INSERT INTO game_session_users (game_session_id, user_id) VALUES
    (10086, 49),
    (10086, 11),
    (10086, 28),
    (10086, 31),
    (10087, 38),
    (10087, 27),
    (10087, 23),
    (10087, 35),
    (10088, 4),
    (10088, 12),
    (10088, 9),
    (10088, 46),
    (10088, 17),
    (10089, 20),
    (10089, 30),
    (10089, 19),
    (10089, 14),
    (10090, 48),
    (10090, 34),
    (10090, 19),
    (10090, 27),
    (10090, 41),
    (10090, 2),
    (10091, 43),
    (10091, 17),
    (10091, 13),
    (10091, 37),
    (10091, 36),
    (10091, 38),
    (10092, 41),
    (10092, 8),
    (10092, 17),
    (10092, 31),
    (10093, 38),
    (10093, 50),
    (10093, 31),
    (10093, 30),
    (10094, 21),
    (10094, 47),
    (10094, 41),
    (10094, 34),
    (10094, 16),
    (10094, 11),
    (10095, 39),
    (10095, 33),
    (10095, 18),
    (10095, 17),
    (10096, 19),
    (10096, 28),
    (10096, 42),
    (10096, 45),
    (10097, 19),
    (10097, 29),
    (10097, 24),
    (10098, 45),
    (10098, 35),
    (10098, 26),
    (10099, 20),
    (10099, 43),
    (10099, 49),
    (10099, 44),
    (10100, 17),
    (10100, 7),
    (10100, 45),
    (10100, 46),
    (10101, 24),
    (10101, 39),
    (10101, 37),
    (10101, 4),
    (10101, 20),
    (10101, 8),
    (10102, 46),
    (10102, 47),
    (10102, 42),
    (10102, 39),
    (10102, 40),
    (10102, 11),
    (10103, 40),
    (10103, 24),
    (10103, 17),
    (10104, 37),
    (10104, 40),
    (10104, 27),
    (10104, 2),
    (10105, 27),
    (10105, 22),
    (10105, 3),
    (10105, 37),
    (10105, 7),
    (10105, 16),
    (10106, 31),
    (10106, 7),
    (10106, 26),
    (10106, 14),
    (10106, 40),
    (10106, 28),
    (10107, 8),
    (10107, 18),
    (10107, 10),
    (10107, 42),
    (10107, 35),
    (10108, 11),
    (10108, 17),
    (10108, 2),
    (10108, 39),
    (10109, 23),
    (10109, 14),
    (10109, 36),
    (10110, 21),
    (10110, 24),
    (10110, 28),
    (10110, 49),
    (10110, 14),
    (10111, 7),
    (10111, 49),
    (10111, 14),
    (10112, 14),
    (10112, 24),
    (10112, 50),
    (10112, 41),
    (10112, 22),
    (10113, 26),
    (10113, 23),
    (10113, 33),
    (10113, 10),
    (10113, 16),
    (10113, 41),
    (10114, 12),
    (10114, 38),
    (10114, 23),
    (10115, 30),
    (10115, 36),
    (10115, 46),
    (10115, 10),
    (10115, 47),
    (10116, 48),
    (10116, 43),
    (10116, 20),
    (10116, 22),
    (10116, 24),
    (10116, 3),
    (10117, 15),
    (10117, 11),
    (10117, 30),
    (10117, 23),
    (10117, 28),
    (10117, 19),
    (10118, 17),
    (10118, 2),
    (10118, 24),
    (10118, 50),
    (10119, 23),
    (10119, 30),
    (10119, 29),
    (10119, 31),
    (10120, 3),
    (10120, 8),
    (10120, 37),
    (10120, 23),
    (10120, 22),
    (10121, 48),
    (10121, 29),
    (10121, 20),
    (10122, 48),
    (10122, 23),
    (10122, 4),
    (10122, 44),
    (10123, 24),
    (10123, 26),
    (10123, 39),
    (10123, 19),
    (10123, 6),
    (10124, 25),
    (10124, 17),
    (10124, 12),
    (10124, 37),
    (10124, 42),
    (10125, 31),
    (10125, 44),
    (10125, 19),
    (10125, 37),
    (10126, 33),
    (10126, 2),
    (10126, 29),
    (10127, 26),
    (10127, 25),
    (10127, 14),
    (10128, 3),
    (10128, 20),
    (10128, 25),
    (10128, 9),
    (10128, 26),
    (10129, 17),
    (10129, 15),
    (10129, 19),
    (10130, 13),
    (10130, 42),
    (10130, 15),
    (10130, 6),
    (10130, 11),
    (10131, 40),
    (10131, 22),
    (10131, 14),
    (10131, 39),
    (10131, 30),
    (10132, 18),
    (10132, 17),
    (10132, 9),
    (10132, 6),
    (10133, 35),
    (10133, 23),
    (10133, 2),
    (10134, 36),
    (10134, 35),
    (10134, 41),
    (10134, 37),
    (10134, 4),
    (10135, 10),
    (10135, 5),
    (10135, 30),
    (10136, 2),
    (10136, 41),
    (10136, 37),
    (10137, 26),
    (10137, 25),
    (10137, 37),
    (10137, 14),
    (10137, 23),
    (10137, 12),
    (10138, 5),
    (10138, 35),
    (10138, 16),
    (10138, 24),
    (10138, 36),
    (10139, 2),
    (10139, 10),
    (10139, 23),
    (10139, 19),
    (10139, 44),
    (10140, 13),
    (10140, 41),
    (10140, 23),
    (10140, 2),
    (10141, 31),
    (10141, 2),
    (10141, 14),
    (10141, 10),
    (10141, 41),
    (10142, 21),
    (10142, 40),
    (10142, 3),
    (10143, 17),
    (10143, 13),
    (10143, 48),
    (10143, 45),
    (10143, 42),
    (10144, 40),
    (10144, 44),
    (10144, 15),
    (10144, 26),
    (10144, 34),
    (10145, 44),
    (10145, 26),
    (10145, 43),
    (10146, 35),
    (10146, 25),
    (10146, 43),
    (10146, 38),
    (10147, 17),
    (10147, 25),
    (10147, 34),
    (10147, 13),
    (10147, 47),
    (10147, 10),
    (10148, 50),
    (10148, 9),
    (10148, 4),
    (10149, 49),
    (10149, 6),
    (10149, 4),
    (10149, 8),
    (10150, 30),
    (10150, 9),
    (10150, 49),
    (10150, 11),
    (10150, 19),
    (10150, 38),
    (10151, 44),
    (10151, 26),
    (10151, 36),
    (10151, 2),
    (10151, 9),
    (10152, 5),
    (10152, 23),
    (10152, 28),
    (10153, 48),
    (10153, 42),
    (10153, 35),
    (10153, 22),
    (10154, 44),
    (10154, 23),
    (10154, 37),
    (10155, 50),
    (10155, 9),
    (10155, 32),
    (10155, 38),
    (10155, 14),
    (10156, 19),
    (10156, 39),
    (10156, 17),
    (10156, 8),
    (10156, 6),
    (10156, 42),
    (10157, 11),
    (10157, 49),
    (10157, 10),
    (10157, 39),
    (10157, 20),
    (10157, 31),
    (10158, 9),
    (10158, 43),
    (10158, 23),
    (10158, 33),
    (10159, 41),
    (10159, 35),
    (10159, 19),
    (10159, 16),
    (10159, 30),
    (10160, 5),
    (10160, 14),
    (10160, 36),
    (10160, 44),
    (10161, 13),
    (10161, 50),
    (10161, 19),
    (10161, 10),
    (10161, 33),
    (10161, 23),
    (10162, 28),
    (10162, 5),
    (10162, 40),
    (10162, 38),
    (10162, 25),
    (10162, 30),
    (10163, 50),
    (10163, 17),
    (10163, 5),
    (10164, 12),
    (10164, 7),
    (10164, 24),
    (10164, 47),
    (10164, 40),
    (10165, 6),
    (10165, 44),
    (10165, 2),
    (10165, 12),
    (10165, 38),
    (10166, 42),
    (10166, 34),
    (10166, 5),
    (10166, 11),
    (10166, 30),
    (10166, 16),
    (10167, 37),
    (10167, 32),
    (10167, 33),
    (10167, 45),
    (10167, 8),
    (10167, 6),
    (10168, 49),
    (10168, 44),
    (10168, 12),
    (10168, 35),
    (10168, 50),
    (10168, 5),
    (10169, 7),
    (10169, 36),
    (10169, 45),
    (10169, 29),
    (10169, 31),
    (10169, 44),
    (10170, 37),
    (10170, 31),
    (10170, 7),
    (10170, 4),
    (10171, 7),
    (10171, 38),
    (10171, 12),
    (10171, 34),
    (10171, 31),
    (10172, 3),
    (10172, 12),
    (10172, 50),
    (10172, 33),
    (10172, 15),
    (10172, 8),
    (10173, 21),
    (10173, 3),
    (10173, 19),
    (10174, 19),
    (10174, 7),
    (10174, 39),
    (10175, 49),
    (10175, 15),
    (10175, 17),
    (10175, 25),
    (10175, 41),
    (10176, 25),
    (10176, 14),
    (10176, 48),
    (10177, 14),
    (10177, 41),
    (10177, 49),
    (10177, 23),
    (10177, 36),
    (10178, 19),
    (10178, 48),
    (10178, 39),
    (10178, 27),
    (10178, 32),
    (10178, 46),
    (10179, 34),
    (10179, 4),
    (10179, 32),
    (10179, 21),
    (10180, 10),
    (10180, 12),
    (10180, 24),
    (10180, 29),
    (10181, 15),
    (10181, 32),
    (10181, 43),
    (10181, 46),
    (10181, 50),
    (10182, 13),
    (10182, 33),
    (10182, 6),
    (10182, 20),
    (10182, 3),
    (10183, 12),
    (10183, 5),
    (10183, 36),
    (10183, 27),
    (10183, 15),
    (10183, 10),
    (10184, 15),
    (10184, 21),
    (10184, 18),
    (10184, 23),
    (10185, 8),
    (10185, 20),
    (10185, 43),
    (10185, 3),
    (10185, 28),
    (10185, 39);


    INSERT INTO GameSessions (id, max_players, status, current_players, turn, is_private, pin, game_duration, winner_id, start_time, end_time, creator_id, name) VALUES
    (10286, 3, 'FINISHED', 3, 1, FALSE, NULL, 20, 20, '2025-04-01 00:00:00', '2025-04-01 00:20:00', 27, 'HiddenTemple'),
    (10287, 6, 'FINISHED', 6, 1, FALSE, NULL, 33, 39, '2025-04-02 00:00:00', '2025-04-02 00:33:00', 28, 'SilentFortress'),
    (10288, 3, 'FINISHED', 3, 1, FALSE, NULL, 26, 5, '2025-04-03 00:00:00', '2025-04-03 00:26:00', 43, 'ForestGuardians'),
    (10289, 5, 'FINISHED', 5, 1, FALSE, NULL, 57, 17, '2025-04-04 00:00:00', '2025-04-04 00:57:00', 26, 'CrystalCave'),
    (10290, 4, 'FINISHED', 4, 1, FALSE, NULL, 99, 6, '2025-04-05 00:00:00', '2025-04-05 01:39:00', 34, 'PhantomBattle'),
    (10291, 4, 'FINISHED', 4, 1, FALSE, NULL, 31, 49, '2025-04-06 00:00:00', '2025-04-06 00:31:00', 26, 'Underworld'),
    (10292, 6, 'FINISHED', 6, 1, FALSE, NULL, 79, 36, '2025-04-07 00:00:00', '2025-04-07 01:19:00', 29, 'CrystalCave'),
    (10293, 6, 'FINISHED', 6, 1, FALSE, NULL, 90, 37, '2025-04-08 00:00:00', '2025-04-08 01:30:00', 3, 'FireEmblem'),
    (10294, 5, 'FINISHED', 5, 1, FALSE, NULL, 118, 37, '2025-04-09 00:00:00', '2025-04-09 01:58:00', 42, 'SilentFortress'),
    (10295, 3, 'FINISHED', 3, 1, FALSE, NULL, 43, 49, '2025-04-10 00:00:00', '2025-04-10 00:43:00', 43, 'HiddenTemple'),
    (10296, 6, 'FINISHED', 6, 1, FALSE, NULL, 111, 26, '2025-04-11 00:00:00', '2025-04-11 01:51:00', 27, 'LunarEclipse'),
    (10297, 4, 'FINISHED', 4, 1, FALSE, NULL, 112, 24, '2025-04-12 00:00:00', '2025-04-12 01:52:00', 6, 'WolfDen'),
    (10298, 3, 'FINISHED', 3, 1, FALSE, NULL, 70, 5, '2025-04-13 00:00:00', '2025-04-13 01:10:00', 30, 'Underworld'),
    (10299, 4, 'FINISHED', 4, 1, FALSE, NULL, 35, 48, '2025-04-14 00:00:00', '2025-04-14 00:35:00', 19, 'ForestGuardians'),
    (10300, 4, 'FINISHED', 4, 1, FALSE, NULL, 97, 50, '2025-04-15 00:00:00', '2025-04-15 01:37:00', 42, 'Sandstorm'),
    (10301, 3, 'FINISHED', 3, 1, FALSE, NULL, 26, 5, '2025-04-16 00:00:00', '2025-04-16 00:26:00', 32, 'GalacticWars'),
    (10302, 6, 'FINISHED', 6, 1, FALSE, NULL, 99, 50, '2025-04-17 00:00:00', '2025-04-17 01:39:00', 40, 'ChaosTheory'),
    (10303, 5, 'FINISHED', 5, 1, FALSE, NULL, 56, 17, '2025-04-18 00:00:00', '2025-04-18 00:56:00', 36, 'ForestGuardians'),
    (10304, 3, 'FINISHED', 3, 1, FALSE, NULL, 115, 22, '2025-04-19 00:00:00', '2025-04-19 01:55:00', 25, 'GoldenAge'),
    (10305, 3, 'FINISHED', 3, 1, FALSE, NULL, 43, 46, '2025-04-20 00:00:00', '2025-04-20 00:43:00', 31, 'CrystalCave'),
    (10306, 3, 'FINISHED', 3, 1, FALSE, NULL, 92, 23, '2025-04-21 00:00:00', '2025-04-21 01:32:00', 9, 'OceanTides'),
    (10307, 4, 'FINISHED', 4, 1, FALSE, NULL, 95, 8, '2025-04-22 00:00:00', '2025-04-22 01:35:00', 26, 'DarkHorizon'),
    (10308, 3, 'FINISHED', 3, 1, FALSE, NULL, 79, 14, '2025-04-23 00:00:00', '2025-04-23 01:19:00', 45, 'MysticQuest'),
    (10309, 6, 'FINISHED', 6, 1, FALSE, NULL, 99, 11, '2025-04-24 00:00:00', '2025-04-24 01:39:00', 45, 'Underworld'),
    (10310, 5, 'FINISHED', 5, 1, FALSE, NULL, 63, 30, '2025-04-25 00:00:00', '2025-04-25 01:03:00', 19, 'TitanFall'),
    (10311, 4, 'FINISHED', 4, 1, FALSE, NULL, 107, 32, '2025-04-26 00:00:00', '2025-04-26 01:47:00', 3, 'MoonlitVale'),
    (10312, 4, 'FINISHED', 4, 1, FALSE, NULL, 109, 28, '2025-04-27 00:00:00', '2025-04-27 01:49:00', 34, 'WindBreaker'),
    (10313, 6, 'FINISHED', 6, 1, FALSE, NULL, 50, 18, '2025-04-28 00:00:00', '2025-04-28 00:50:00', 6, 'ThunderStrike'),
    (10314, 4, 'FINISHED', 4, 1, FALSE, NULL, 72, 37, '2025-04-29 00:00:00', '2025-04-29 01:12:00', 42, 'ChaosTheory'),
    (10315, 5, 'FINISHED', 5, 1, FALSE, NULL, 59, 2, '2025-04-30 00:00:00', '2025-04-30 00:59:00', 37, 'FrozenTundra'),
    (10316, 6, 'FINISHED', 6, 1, FALSE, NULL, 112, 32, '2025-05-01 00:00:00', '2025-05-01 01:52:00', 20, 'CrystalCave'),
    (10317, 6, 'FINISHED', 6, 1, FALSE, NULL, 112, 39, '2025-05-02 00:00:00', '2025-05-02 01:52:00', 33, 'InfernoCanyon'),
    (10318, 4, 'FINISHED', 4, 1, FALSE, NULL, 120, 38, '2025-05-03 00:00:00', '2025-05-03 02:00:00', 22, 'SilentFortress'),
    (10319, 4, 'FINISHED', 4, 1, FALSE, NULL, 113, 11, '2025-05-04 00:00:00', '2025-05-04 01:53:00', 45, 'DesertStorm'),
    (10320, 5, 'FINISHED', 5, 1, FALSE, NULL, 38, 27, '2025-05-05 00:00:00', '2025-05-05 00:38:00', 35, 'MysticQuest'),
    (10321, 6, 'FINISHED', 6, 1, FALSE, NULL, 63, 41, '2025-05-06 00:00:00', '2025-05-06 01:03:00', 5, 'MysticQuest'),
    (10322, 3, 'FINISHED', 3, 1, FALSE, NULL, 56, 44, '2025-05-07 00:00:00', '2025-05-07 00:56:00', 29, 'StarForge'),
    (10323, 3, 'FINISHED', 3, 1, FALSE, NULL, 25, 5, '2025-05-08 00:00:00', '2025-05-08 00:25:00', 29, 'KnightsChallenge'),
    (10324, 4, 'FINISHED', 4, 1, FALSE, NULL, 108, 2, '2025-05-09 00:00:00', '2025-05-09 01:48:00', 8, 'MoonlitVale'),
    (10325, 3, 'FINISHED', 3, 1, FALSE, NULL, 42, 50, '2025-05-10 00:00:00', '2025-05-10 00:42:00', 42, 'FrozenSpire'),
    (10326, 6, 'FINISHED', 6, 1, FALSE, NULL, 96, 42, '2025-05-11 00:00:00', '2025-05-11 01:36:00', 38, 'SacredPath'),
    (10327, 4, 'FINISHED', 4, 1, FALSE, NULL, 22, 12, '2025-05-12 00:00:00', '2025-05-12 00:22:00', 32, 'NebulaRiders'),
    (10328, 6, 'FINISHED', 6, 1, FALSE, NULL, 32, 21, '2025-05-13 00:00:00', '2025-05-13 00:32:00', 3, 'FrozenTundra'),
    (10329, 5, 'FINISHED', 5, 1, FALSE, NULL, 58, 50, '2025-05-14 00:00:00', '2025-05-14 00:58:00', 20, 'LunarEclipse'),
    (10330, 6, 'FINISHED', 6, 1, FALSE, NULL, 91, 15, '2025-05-15 00:00:00', '2025-05-15 01:31:00', 5, 'CrystalCave'),
    (10331, 5, 'FINISHED', 5, 1, FALSE, NULL, 94, 11, '2025-05-16 00:00:00', '2025-05-16 01:34:00', 15, 'InfernoCanyon'),
    (10332, 4, 'FINISHED', 4, 1, FALSE, NULL, 81, 21, '2025-05-17 00:00:00', '2025-05-17 01:21:00', 27, 'OblivionEdge'),
    (10333, 3, 'FINISHED', 3, 1, FALSE, NULL, 50, 24, '2025-05-18 00:00:00', '2025-05-18 00:50:00', 31, 'SilentFortress'),
    (10334, 3, 'FINISHED', 3, 1, FALSE, NULL, 73, 48, '2025-05-19 00:00:00', '2025-05-19 01:13:00', 43, 'WindBreaker'),
    (10335, 4, 'FINISHED', 4, 1, FALSE, NULL, 102, 36, '2025-05-20 00:00:00', '2025-05-20 01:42:00', 12, 'StormFront'),
    (10336, 4, 'FINISHED', 4, 1, FALSE, NULL, 115, 45, '2025-05-21 00:00:00', '2025-05-21 01:55:00', 2, 'GoldenAge'),
    (10337, 6, 'FINISHED', 6, 1, FALSE, NULL, 30, 44, '2025-05-22 00:00:00', '2025-05-22 00:30:00', 20, 'InfernoCanyon'),
    (10338, 5, 'FINISHED', 5, 1, FALSE, NULL, 112, 38, '2025-05-23 00:00:00', '2025-05-23 01:52:00', 23, 'FireEmblem'),
    (10339, 4, 'FINISHED', 4, 1, FALSE, NULL, 58, 24, '2025-05-24 00:00:00', '2025-05-24 00:58:00', 38, 'BattleRoyale'),
    (10340, 3, 'FINISHED', 3, 1, FALSE, NULL, 26, 4, '2025-05-25 00:00:00', '2025-05-25 00:26:00', 9, 'IronClash'),
    (10341, 6, 'FINISHED', 6, 1, FALSE, NULL, 23, 34, '2025-05-26 00:00:00', '2025-05-26 00:23:00', 4, 'DarkHorizon'),
    (10342, 4, 'FINISHED', 4, 1, FALSE, NULL, 102, 39, '2025-05-27 00:00:00', '2025-05-27 01:42:00', 6, 'ShadowRealm'),
    (10343, 6, 'FINISHED', 6, 1, FALSE, NULL, 46, 39, '2025-05-28 00:00:00', '2025-05-28 00:46:00', 32, 'NebulaRiders'),
    (10344, 6, 'FINISHED', 6, 1, FALSE, NULL, 49, 34, '2025-05-29 00:00:00', '2025-05-29 00:49:00', 24, 'MagicDuel'),
    (10345, 6, 'FINISHED', 6, 1, FALSE, NULL, 81, 9, '2025-05-30 00:00:00', '2025-05-30 01:21:00', 11, 'EmeraldTrail'),
    (10346, 6, 'FINISHED', 6, 1, FALSE, NULL, 53, 42, '2025-05-31 00:00:00', '2025-05-31 00:53:00', 37, 'BlazeHaven'),
    (10347, 4, 'FINISHED', 4, 1, FALSE, NULL, 118, 49, '2025-06-01 00:00:00', '2025-06-01 01:58:00', 19, 'FrozenSpire'),
    (10348, 5, 'FINISHED', 5, 1, FALSE, NULL, 81, 49, '2025-06-02 00:00:00', '2025-06-02 01:21:00', 4, 'BattleRoyale'),
    (10349, 5, 'FINISHED', 5, 1, FALSE, NULL, 55, 41, '2025-06-03 00:00:00', '2025-06-03 00:55:00', 27, 'WildWest'),
    (10350, 4, 'FINISHED', 4, 1, FALSE, NULL, 57, 37, '2025-06-04 00:00:00', '2025-06-04 00:57:00', 40, 'TwilightZone'),
    (10351, 3, 'FINISHED', 3, 1, FALSE, NULL, 35, 8, '2025-06-05 00:00:00', '2025-06-05 00:35:00', 24, 'ThunderStrike'),
    (10352, 3, 'FINISHED', 3, 1, FALSE, NULL, 44, 12, '2025-06-06 00:00:00', '2025-06-06 00:44:00', 9, 'GoldenAge'),
    (10353, 5, 'FINISHED', 5, 1, FALSE, NULL, 27, 8, '2025-06-07 00:00:00', '2025-06-07 00:27:00', 23, 'WildWest'),
    (10354, 6, 'FINISHED', 6, 1, FALSE, NULL, 70, 30, '2025-06-08 00:00:00', '2025-06-08 01:10:00', 23, 'SolarFlare'),
    (10355, 6, 'FINISHED', 6, 1, FALSE, NULL, 72, 31, '2025-06-09 00:00:00', '2025-06-09 01:12:00', 30, 'SolarFlare'),
    (10356, 3, 'FINISHED', 3, 1, FALSE, NULL, 101, 49, '2025-06-10 00:00:00', '2025-06-10 01:41:00', 13, 'NebulaRiders'),
    (10357, 6, 'FINISHED', 6, 1, FALSE, NULL, 63, 23, '2025-06-11 00:00:00', '2025-06-11 01:03:00', 28, 'ThunderStrike'),
    (10358, 3, 'FINISHED', 3, 1, FALSE, NULL, 84, 24, '2025-06-12 00:00:00', '2025-06-12 01:24:00', 29, 'BlazeHaven'),
    (10359, 4, 'FINISHED', 4, 1, FALSE, NULL, 77, 31, '2025-06-13 00:00:00', '2025-06-13 01:17:00', 5, 'SolarFlare'),
    (10360, 5, 'FINISHED', 5, 1, FALSE, NULL, 38, 49, '2025-06-14 00:00:00', '2025-06-14 00:38:00', 4, 'MoonlitVale'),
    (10361, 3, 'FINISHED', 3, 1, FALSE, NULL, 83, 18, '2025-06-15 00:00:00', '2025-06-15 01:23:00', 5, 'EclipseBattle'),
    (10362, 6, 'FINISHED', 6, 1, FALSE, NULL, 33, 29, '2025-06-16 00:00:00', '2025-06-16 00:33:00', 39, 'SacredPath'),
    (10363, 4, 'FINISHED', 4, 1, FALSE, NULL, 111, 39, '2025-06-17 00:00:00', '2025-06-17 01:51:00', 38, 'Skyfall'),
    (10364, 3, 'FINISHED', 3, 1, FALSE, NULL, 76, 45, '2025-06-18 00:00:00', '2025-06-18 01:16:00', 2, 'TitanFall'),
    (10365, 4, 'FINISHED', 4, 1, FALSE, NULL, 106, 6, '2025-06-19 00:00:00', '2025-06-19 01:46:00', 16, 'StormFront'),
    (10366, 3, 'FINISHED', 3, 1, FALSE, NULL, 68, 42, '2025-06-20 00:00:00', '2025-06-20 01:08:00', 49, 'Underworld'),
    (10367, 4, 'FINISHED', 4, 1, FALSE, NULL, 20, 45, '2025-06-21 00:00:00', '2025-06-21 00:20:00', 26, 'OblivionEdge'),
    (10368, 3, 'FINISHED', 3, 1, FALSE, NULL, 43, 33, '2025-06-22 00:00:00', '2025-06-22 00:43:00', 32, 'ChaosTheory'),
    (10369, 4, 'FINISHED', 4, 1, FALSE, NULL, 23, 29, '2025-06-23 00:00:00', '2025-06-23 00:23:00', 47, 'TwilightZone'),
    (10370, 3, 'FINISHED', 3, 1, FALSE, NULL, 117, 22, '2025-06-24 00:00:00', '2025-06-24 01:57:00', 47, 'LunarEclipse'),
    (10371, 3, 'FINISHED', 3, 1, FALSE, NULL, 90, 11, '2025-06-25 00:00:00', '2025-06-25 01:30:00', 41, 'BlazeHaven'),
    (10372, 5, 'FINISHED', 5, 1, FALSE, NULL, 80, 29, '2025-06-26 00:00:00', '2025-06-26 01:20:00', 3, 'BlazeHaven'),
    (10373, 4, 'FINISHED', 4, 1, FALSE, NULL, 61, 47, '2025-06-27 00:00:00', '2025-06-27 01:01:00', 33, 'FrozenSpire'),
    (10374, 5, 'FINISHED', 5, 1, FALSE, NULL, 63, 4, '2025-06-28 00:00:00', '2025-06-28 01:03:00', 12, 'Sandstorm'),
    (10375, 3, 'FINISHED', 3, 1, FALSE, NULL, 48, 26, '2025-06-29 00:00:00', '2025-06-29 00:48:00', 6, 'KnightsChallenge'),
    (10376, 5, 'FINISHED', 5, 1, FALSE, NULL, 63, 47, '2025-06-30 00:00:00', '2025-06-30 01:03:00', 9, 'WolfDen'),
    (10377, 6, 'FINISHED', 6, 1, FALSE, NULL, 41, 45, '2025-07-01 00:00:00', '2025-07-01 00:41:00', 37, 'MoonlitVale'),
    (10378, 3, 'FINISHED', 3, 1, FALSE, NULL, 82, 21, '2025-07-02 00:00:00', '2025-07-02 01:22:00', 14, 'SpaceOdyssey'),
    (10379, 4, 'FINISHED', 4, 1, FALSE, NULL, 28, 2, '2025-07-03 00:00:00', '2025-07-03 00:28:00', 30, 'ShadowRealm'),
    (10380, 3, 'FINISHED', 3, 1, FALSE, NULL, 107, 17, '2025-07-04 00:00:00', '2025-07-04 01:47:00', 9, 'VenomSpire'),
    (10381, 3, 'FINISHED', 3, 1, FALSE, NULL, 22, 2, '2025-07-05 00:00:00', '2025-07-05 00:22:00', 16, 'CrystalCave'),
    (10382, 3, 'FINISHED', 3, 1, FALSE, NULL, 60, 34, '2025-07-06 00:00:00', '2025-07-06 01:00:00', 15, 'StormFront'),
    (10383, 5, 'FINISHED', 5, 1, FALSE, NULL, 77, 29, '2025-07-07 00:00:00', '2025-07-07 01:17:00', 48, 'OblivionEdge'),
    (10384, 3, 'FINISHED', 3, 1, FALSE, NULL, 37, 2, '2025-07-08 00:00:00', '2025-07-08 00:37:00', 11, 'OblivionEdge'),
    (10385, 4, 'FINISHED', 4, 1, FALSE, NULL, 39, 35, '2025-07-09 00:00:00', '2025-07-09 00:39:00', 28, 'FrozenSpire'),
    (10386, 3, 'FINISHED', 3, 1, FALSE, NULL, 44, 12, '2025-07-10 00:00:00', '2025-07-10 00:44:00', 36, 'EclipseBattle'),
    (10387, 3, 'FINISHED', 3, 1, FALSE, NULL, 80, 42, '2025-07-11 00:00:00', '2025-07-11 01:20:00', 5, 'SilentFortress'),
    (10388, 6, 'FINISHED', 6, 1, FALSE, NULL, 33, 41, '2025-07-12 00:00:00', '2025-07-12 00:33:00', 28, 'SpaceOdyssey'),
    (10389, 5, 'FINISHED', 5, 1, FALSE, NULL, 41, 30, '2025-07-13 00:00:00', '2025-07-13 00:41:00', 7, 'EmeraldTrail'),
    (10390, 5, 'FINISHED', 5, 1, FALSE, NULL, 67, 12, '2025-07-14 00:00:00', '2025-07-14 01:07:00', 23, 'AncientRuins'),
    (10391, 5, 'FINISHED', 5, 1, FALSE, NULL, 110, 29, '2025-07-15 00:00:00', '2025-07-15 01:50:00', 21, 'Starlight'),
    (10392, 6, 'FINISHED', 6, 1, FALSE, NULL, 120, 27, '2025-07-16 00:00:00', '2025-07-16 02:00:00', 30, 'Skyfall'),
    (10393, 3, 'FINISHED', 3, 1, FALSE, NULL, 30, 50, '2025-07-17 00:00:00', '2025-07-17 00:30:00', 29, 'InfernoCanyon'),
    (10394, 3, 'FINISHED', 3, 1, FALSE, NULL, 93, 41, '2025-07-18 00:00:00', '2025-07-18 01:33:00', 36, 'SolarFlare'),
    (10395, 3, 'FINISHED', 3, 1, FALSE, NULL, 106, 14, '2025-07-19 00:00:00', '2025-07-19 01:46:00', 30, 'VenomSpire'),
    (10396, 6, 'FINISHED', 6, 1, FALSE, NULL, 67, 6, '2025-07-20 00:00:00', '2025-07-20 01:07:00', 27, 'KnightsChallenge'),
    (10397, 3, 'FINISHED', 3, 1, FALSE, NULL, 73, 4, '2025-07-21 00:00:00', '2025-07-21 01:13:00', 45, 'GalacticWars'),
    (10398, 5, 'FINISHED', 5, 1, FALSE, NULL, 37, 31, '2025-07-22 00:00:00', '2025-07-22 00:37:00', 42, 'TwilightZone'),
    (10399, 4, 'FINISHED', 4, 1, FALSE, NULL, 64, 18, '2025-07-23 00:00:00', '2025-07-23 01:04:00', 4, 'BlazeHaven'),
    (10400, 4, 'FINISHED', 4, 1, FALSE, NULL, 50, 23, '2025-07-24 00:00:00', '2025-07-24 00:50:00', 39, 'FrozenTundra'),
    (10401, 3, 'FINISHED', 3, 1, FALSE, NULL, 92, 37, '2025-07-25 00:00:00', '2025-07-25 01:32:00', 16, 'FireEmblem'),
    (10402, 5, 'FINISHED', 5, 1, FALSE, NULL, 65, 44, '2025-07-26 00:00:00', '2025-07-26 01:05:00', 41, 'FrozenSpire'),
    (10403, 6, 'FINISHED', 6, 1, FALSE, NULL, 25, 43, '2025-07-27 00:00:00', '2025-07-27 00:25:00', 44, 'ShadowRealm'),
    (10404, 3, 'FINISHED', 3, 1, FALSE, NULL, 23, 19, '2025-07-28 00:00:00', '2025-07-28 00:23:00', 33, 'DesertStorm'),
    (10405, 4, 'FINISHED', 4, 1, FALSE, NULL, 23, 10, '2025-07-29 00:00:00', '2025-07-29 00:23:00', 46, 'HiddenTemple'),
    (10406, 4, 'FINISHED', 4, 1, FALSE, NULL, 47, 30, '2025-07-30 00:00:00', '2025-07-30 00:47:00', 26, 'CyberPunk'),
    (10407, 6, 'FINISHED', 6, 1, FALSE, NULL, 93, 12, '2025-07-31 00:00:00', '2025-07-31 01:33:00', 42, 'CastleSiege'),
    (10408, 4, 'FINISHED', 4, 1, FALSE, NULL, 120, 34, '2025-08-01 00:00:00', '2025-08-01 02:00:00', 50, 'Starlight'),
    (10409, 4, 'FINISHED', 4, 1, FALSE, NULL, 47, 19, '2025-08-02 00:00:00', '2025-08-02 00:47:00', 4, 'WildWest'),
    (10410, 4, 'FINISHED', 4, 1, FALSE, NULL, 118, 39, '2025-08-03 00:00:00', '2025-08-03 01:58:00', 8, 'TitanFall'),
    (10411, 6, 'FINISHED', 6, 1, FALSE, NULL, 41, 23, '2025-08-04 00:00:00', '2025-08-04 00:41:00', 21, 'CrimsonEmpire'),
    (10412, 6, 'FINISHED', 6, 1, FALSE, NULL, 54, 12, '2025-08-05 00:00:00', '2025-08-05 00:54:00', 44, 'OblivionEdge'),
    (10413, 3, 'FINISHED', 3, 1, FALSE, NULL, 83, 20, '2025-08-06 00:00:00', '2025-08-06 01:23:00', 35, 'MagicDuel'),
    (10414, 5, 'FINISHED', 5, 1, FALSE, NULL, 88, 41, '2025-08-07 00:00:00', '2025-08-07 01:28:00', 22, 'StormFront'),
    (10415, 5, 'FINISHED', 5, 1, FALSE, NULL, 89, 6, '2025-08-08 00:00:00', '2025-08-08 01:29:00', 26, 'ShadowRealm'),
    (10416, 4, 'FINISHED', 4, 1, FALSE, NULL, 36, 40, '2025-08-09 00:00:00', '2025-08-09 00:36:00', 20, 'Sandstorm'),
    (10417, 3, 'FINISHED', 3, 1, FALSE, NULL, 61, 9, '2025-08-10 00:00:00', '2025-08-10 01:01:00', 43, 'SilentFortress'),
    (10418, 4, 'FINISHED', 4, 1, FALSE, NULL, 109, 40, '2025-08-11 00:00:00', '2025-08-11 01:49:00', 37, 'SilentFortress'),
    (10419, 3, 'FINISHED', 3, 1, FALSE, NULL, 31, 4, '2025-08-12 00:00:00', '2025-08-12 00:31:00', 17, 'MoonlitVale'),
    (10420, 5, 'FINISHED', 5, 1, FALSE, NULL, 69, 44, '2025-08-13 00:00:00', '2025-08-13 01:09:00', 18, 'ChaosTheory'),
    (10421, 3, 'FINISHED', 3, 1, FALSE, NULL, 97, 32, '2025-08-14 00:00:00', '2025-08-14 01:37:00', 47, 'ShadowRealm'),
    (10422, 5, 'FINISHED', 5, 1, FALSE, NULL, 90, 45, '2025-08-15 00:00:00', '2025-08-15 01:30:00', 48, 'MysticQuest'),
    (10423, 5, 'FINISHED', 5, 1, FALSE, NULL, 118, 20, '2025-08-16 00:00:00', '2025-08-16 01:58:00', 10, 'GalacticWars'),
    (10424, 6, 'FINISHED', 6, 1, FALSE, NULL, 119, 11, '2025-08-17 00:00:00', '2025-08-17 01:59:00', 44, 'NebulaRiders'),
    (10425, 4, 'FINISHED', 4, 1, FALSE, NULL, 30, 31, '2025-08-18 00:00:00', '2025-08-18 00:30:00', 42, 'StormFront'),
    (10426, 5, 'FINISHED', 5, 1, FALSE, NULL, 101, 45, '2025-08-19 00:00:00', '2025-08-19 01:41:00', 31, 'NebulaRiders'),
    (10427, 5, 'FINISHED', 5, 1, FALSE, NULL, 42, 2, '2025-08-20 00:00:00', '2025-08-20 00:42:00', 16, 'CrystalCave'),
    (10428, 5, 'FINISHED', 5, 1, FALSE, NULL, 20, 47, '2025-08-21 00:00:00', '2025-08-21 00:20:00', 34, 'DarkHorizon'),
    (10429, 3, 'FINISHED', 3, 1, FALSE, NULL, 83, 33, '2025-08-22 00:00:00', '2025-08-22 01:23:00', 49, 'Underworld'),
    (10430, 6, 'FINISHED', 6, 1, FALSE, NULL, 31, 24, '2025-08-23 00:00:00', '2025-08-23 00:31:00', 25, 'AncientRuins'),
    (10431, 5, 'FINISHED', 5, 1, FALSE, NULL, 60, 14, '2025-08-24 00:00:00', '2025-08-24 01:00:00', 11, 'Underworld'),
    (10432, 5, 'FINISHED', 5, 1, FALSE, NULL, 65, 29, '2025-08-25 00:00:00', '2025-08-25 01:05:00', 12, 'CyberPunk'),
    (10433, 5, 'FINISHED', 5, 1, FALSE, NULL, 21, 50, '2025-08-26 00:00:00', '2025-08-26 00:21:00', 21, 'SpaceOdyssey'),
    (10434, 4, 'FINISHED', 4, 1, FALSE, NULL, 63, 17, '2025-08-27 00:00:00', '2025-08-27 01:03:00', 35, 'HiddenTemple'),
    (10435, 4, 'FINISHED', 4, 1, FALSE, NULL, 82, 2, '2025-08-28 00:00:00', '2025-08-28 01:22:00', 50, 'MoonlitVale'),
    (10436, 5, 'FINISHED', 5, 1, FALSE, NULL, 82, 5, '2025-08-29 00:00:00', '2025-08-29 01:22:00', 46, 'StormFront'),
    (10437, 6, 'FINISHED', 6, 1, FALSE, NULL, 37, 8, '2025-08-30 00:00:00', '2025-08-30 00:37:00', 36, 'Skyfall'),
    (10438, 4, 'FINISHED', 4, 1, FALSE, NULL, 62, 40, '2025-08-31 00:00:00', '2025-08-31 01:02:00', 44, 'DesertStorm'),
    (10439, 6, 'FINISHED', 6, 1, FALSE, NULL, 110, 21, '2025-09-01 00:00:00', '2025-09-01 01:50:00', 9, 'GalacticWars'),
    (10440, 6, 'FINISHED', 6, 1, FALSE, NULL, 82, 34, '2025-09-02 00:00:00', '2025-09-02 01:22:00', 36, 'CastleSiege'),
    (10441, 3, 'FINISHED', 3, 1, FALSE, NULL, 72, 39, '2025-09-03 00:00:00', '2025-09-03 01:12:00', 13, 'WolfDen'),
    (10442, 5, 'FINISHED', 5, 1, FALSE, NULL, 34, 42, '2025-09-04 00:00:00', '2025-09-04 00:34:00', 12, 'SilentFortress'),
    (10443, 6, 'FINISHED', 6, 1, FALSE, NULL, 105, 7, '2025-09-05 00:00:00', '2025-09-05 01:45:00', 13, 'FrozenSpire'),
    (10444, 6, 'FINISHED', 6, 1, FALSE, NULL, 45, 25, '2025-09-06 00:00:00', '2025-09-06 00:45:00', 25, 'GoldenAge'),
    (10445, 6, 'FINISHED', 6, 1, FALSE, NULL, 65, 22, '2025-09-07 00:00:00', '2025-09-07 01:05:00', 49, 'WindBreaker'),
    (10446, 3, 'FINISHED', 3, 1, FALSE, NULL, 72, 35, '2025-09-08 00:00:00', '2025-09-08 01:12:00', 43, 'DarkHorizon'),
    (10447, 5, 'FINISHED', 5, 1, FALSE, NULL, 27, 12, '2025-09-09 00:00:00', '2025-09-09 00:27:00', 31, 'FrozenSpire'),
    (10448, 5, 'FINISHED', 5, 1, FALSE, NULL, 114, 46, '2025-09-10 00:00:00', '2025-09-10 01:54:00', 4, 'SpaceOdyssey'),
    (10449, 4, 'FINISHED', 4, 1, FALSE, NULL, 97, 12, '2025-09-11 00:00:00', '2025-09-11 01:37:00', 19, 'Sandstorm'),
    (10450, 4, 'FINISHED', 4, 1, FALSE, NULL, 86, 11, '2025-09-12 00:00:00', '2025-09-12 01:26:00', 7, 'SolarFlare'),
    (10451, 5, 'FINISHED', 5, 1, FALSE, NULL, 31, 49, '2025-09-13 00:00:00', '2025-09-13 00:31:00', 37, 'CrystalCave'),
    (10452, 3, 'FINISHED', 3, 1, FALSE, NULL, 27, 8, '2025-09-14 00:00:00', '2025-09-14 00:27:00', 38, 'DarkHorizon'),
    (10453, 4, 'FINISHED', 4, 1, FALSE, NULL, 37, 39, '2025-09-15 00:00:00', '2025-09-15 00:37:00', 40, 'MagicDuel'),
    (10454, 3, 'FINISHED', 3, 1, FALSE, NULL, 101, 10, '2025-09-16 00:00:00', '2025-09-16 01:41:00', 42, 'AncientRuins'),
    (10455, 6, 'FINISHED', 6, 1, FALSE, NULL, 35, 36, '2025-09-17 00:00:00', '2025-09-17 00:35:00', 19, 'EmeraldTrail'),
    (10456, 5, 'FINISHED', 5, 1, FALSE, NULL, 41, 16, '2025-09-18 00:00:00', '2025-09-18 00:41:00', 39, 'CrystalCave'),
    (10457, 6, 'FINISHED', 6, 1, FALSE, NULL, 103, 27, '2025-09-19 00:00:00', '2025-09-19 01:43:00', 17, 'ForestGuardians'),
    (10458, 6, 'FINISHED', 6, 1, FALSE, NULL, 111, 24, '2025-09-20 00:00:00', '2025-09-20 01:51:00', 39, 'MagicDuel'),
    (10459, 3, 'FINISHED', 3, 1, FALSE, NULL, 89, 37, '2025-09-21 00:00:00', '2025-09-21 01:29:00', 38, 'TwilightZone'),
    (10460, 6, 'FINISHED', 6, 1, FALSE, NULL, 88, 41, '2025-09-22 00:00:00', '2025-09-22 01:28:00', 41, 'GoldenAge'),
    (10461, 3, 'FINISHED', 3, 1, FALSE, NULL, 35, 30, '2025-09-23 00:00:00', '2025-09-23 00:35:00', 50, 'FrozenTundra'),
    (10462, 6, 'FINISHED', 6, 1, FALSE, NULL, 68, 19, '2025-09-24 00:00:00', '2025-09-24 01:08:00', 12, 'AncientRuins'),
    (10463, 5, 'FINISHED', 5, 1, FALSE, NULL, 21, 45, '2025-09-25 00:00:00', '2025-09-25 00:21:00', 17, 'LunarEclipse'),
    (10464, 6, 'FINISHED', 6, 1, FALSE, NULL, 88, 39, '2025-09-26 00:00:00', '2025-09-26 01:28:00', 43, 'GoldenAge'),
    (10465, 6, 'FINISHED', 6, 1, FALSE, NULL, 25, 33, '2025-09-27 00:00:00', '2025-09-27 00:25:00', 28, 'FrozenTundra'),
    (10466, 5, 'FINISHED', 5, 1, FALSE, NULL, 43, 39, '2025-09-28 00:00:00', '2025-09-28 00:43:00', 19, 'LunarEclipse'),
    (10467, 3, 'FINISHED', 3, 1, FALSE, NULL, 111, 47, '2025-09-29 00:00:00', '2025-09-29 01:51:00', 48, 'OblivionEdge'),
    (10468, 6, 'FINISHED', 6, 1, FALSE, NULL, 69, 7, '2025-09-30 00:00:00', '2025-09-30 01:09:00', 5, 'WildWest'),
    (10469, 3, 'FINISHED', 3, 1, FALSE, NULL, 83, 19, '2025-10-01 00:00:00', '2025-10-01 01:23:00', 6, 'DragonFury'),
    (10470, 6, 'FINISHED', 6, 1, FALSE, NULL, 26, 14, '2025-10-02 00:00:00', '2025-10-02 00:26:00', 44, 'MysticQuest'),
    (10471, 5, 'FINISHED', 5, 1, FALSE, NULL, 59, 42, '2025-10-03 00:00:00', '2025-10-03 00:59:00', 10, 'CrimsonEmpire'),
    (10472, 4, 'FINISHED', 4, 1, FALSE, NULL, 72, 37, '2025-10-04 00:00:00', '2025-10-04 01:12:00', 12, 'GoldenAge'),
    (10473, 4, 'FINISHED', 4, 1, FALSE, NULL, 77, 30, '2025-10-05 00:00:00', '2025-10-05 01:17:00', 38, 'DesertStorm'),
    (10474, 4, 'FINISHED', 4, 1, FALSE, NULL, 72, 41, '2025-10-06 00:00:00', '2025-10-06 01:12:00', 11, 'MagicDuel'),
    (10475, 5, 'FINISHED', 5, 1, FALSE, NULL, 111, 8, '2025-10-07 00:00:00', '2025-10-07 01:51:00', 15, 'TitanFall'),
    (10476, 4, 'FINISHED', 4, 1, FALSE, NULL, 95, 6, '2025-10-08 00:00:00', '2025-10-08 01:35:00', 30, 'TwilightZone'),
    (10477, 4, 'FINISHED', 4, 1, FALSE, NULL, 44, 24, '2025-10-09 00:00:00', '2025-10-09 00:44:00', 25, 'TempestPeak'),
    (10478, 6, 'FINISHED', 6, 1, FALSE, NULL, 58, 11, '2025-10-10 00:00:00', '2025-10-10 00:58:00', 50, 'GalacticWars'),
    (10479, 3, 'FINISHED', 3, 1, FALSE, NULL, 94, 4, '2025-10-11 00:00:00', '2025-10-11 01:34:00', 32, 'Underworld'),
    (10480, 5, 'FINISHED', 5, 1, FALSE, NULL, 102, 18, '2025-10-12 00:00:00', '2025-10-12 01:42:00', 48, 'FrozenTundra'),
    (10481, 3, 'FINISHED', 3, 1, FALSE, NULL, 32, 31, '2025-10-13 00:00:00', '2025-10-13 00:32:00', 26, 'ShadowRealm'),
    (10482, 5, 'FINISHED', 5, 1, FALSE, NULL, 101, 4, '2025-10-14 00:00:00', '2025-10-14 01:41:00', 43, 'GoldenAge'),
    (10483, 6, 'FINISHED', 6, 1, FALSE, NULL, 37, 50, '2025-10-15 00:00:00', '2025-10-15 00:37:00', 34, 'TwilightZone'),
    (10484, 3, 'FINISHED', 3, 1, FALSE, NULL, 45, 16, '2025-10-16 00:00:00', '2025-10-16 00:45:00', 19, 'PhantomBattle'),
    (10485, 5, 'FINISHED', 5, 1, FALSE, NULL, 52, 14, '2025-10-17 00:00:00', '2025-10-17 00:52:00', 6, 'CrimsonEmpire');


    INSERT INTO game_session_users (game_session_id, user_id) VALUES
    (10286, 40),
    (10286, 4),
    (10286, 39),
    (10287, 31),
    (10287, 20),
    (10287, 28),
    (10287, 15),
    (10287, 45),
    (10287, 38),
    (10288, 40),
    (10288, 41),
    (10288, 34),
    (10289, 8),
    (10289, 21),
    (10289, 18),
    (10289, 23),
    (10289, 44),
    (10290, 15),
    (10290, 42),
    (10290, 6),
    (10290, 9),
    (10291, 39),
    (10291, 3),
    (10291, 49),
    (10291, 6),
    (10292, 48),
    (10292, 41),
    (10292, 42),
    (10292, 34),
    (10292, 6),
    (10292, 16),
    (10293, 48),
    (10293, 35),
    (10293, 43),
    (10293, 20),
    (10293, 31),
    (10293, 27),
    (10294, 35),
    (10294, 30),
    (10294, 47),
    (10294, 39),
    (10294, 31),
    (10295, 21),
    (10295, 19),
    (10295, 11),
    (10296, 8),
    (10296, 45),
    (10296, 46),
    (10296, 4),
    (10296, 11),
    (10296, 32),
    (10297, 45),
    (10297, 35),
    (10297, 37),
    (10297, 30),
    (10298, 13),
    (10298, 10),
    (10298, 15),
    (10299, 27),
    (10299, 16),
    (10299, 12),
    (10299, 7),
    (10300, 6),
    (10300, 19),
    (10300, 36),
    (10300, 29),
    (10301, 50),
    (10301, 30),
    (10301, 5),
    (10302, 18),
    (10302, 4),
    (10302, 17),
    (10302, 31),
    (10302, 19),
    (10302, 7),
    (10303, 35),
    (10303, 40),
    (10303, 37),
    (10303, 18),
    (10303, 38),
    (10304, 8),
    (10304, 34),
    (10304, 49),
    (10305, 45),
    (10305, 41),
    (10305, 21),
    (10306, 35),
    (10306, 45),
    (10306, 20),
    (10307, 48),
    (10307, 23),
    (10307, 49),
    (10307, 46),
    (10308, 13),
    (10308, 29),
    (10308, 39),
    (10309, 15),
    (10309, 11),
    (10309, 36),
    (10309, 24),
    (10309, 16),
    (10309, 19),
    (10310, 30),
    (10310, 15),
    (10310, 45),
    (10310, 23),
    (10310, 5),
    (10311, 49),
    (10311, 38),
    (10311, 13),
    (10311, 17),
    (10312, 37),
    (10312, 10),
    (10312, 25),
    (10312, 26),
    (10313, 3),
    (10313, 5),
    (10313, 8),
    (10313, 25),
    (10313, 49),
    (10313, 2),
    (10314, 4),
    (10314, 9),
    (10314, 43),
    (10314, 27),
    (10315, 48),
    (10315, 8),
    (10315, 23),
    (10315, 30),
    (10315, 18),
    (10316, 20),
    (10316, 43),
    (10316, 47),
    (10316, 33),
    (10316, 9),
    (10316, 12),
    (10317, 33),
    (10317, 35),
    (10317, 16),
    (10317, 30),
    (10317, 21),
    (10317, 37),
    (10318, 35),
    (10318, 44),
    (10318, 26),
    (10318, 46),
    (10319, 3),
    (10319, 15),
    (10319, 48),
    (10319, 11),
    (10320, 29),
    (10320, 38),
    (10320, 31),
    (10320, 27),
    (10320, 20),
    (10321, 24),
    (10321, 43),
    (10321, 8),
    (10321, 34),
    (10321, 44),
    (10321, 18),
    (10322, 31),
    (10322, 9),
    (10322, 33),
    (10323, 25),
    (10323, 49),
    (10323, 17),
    (10324, 36),
    (10324, 21),
    (10324, 23),
    (10324, 41),
    (10325, 12),
    (10325, 37),
    (10325, 10),
    (10326, 5),
    (10326, 18),
    (10326, 46),
    (10326, 26),
    (10326, 25),
    (10326, 40),
    (10327, 4),
    (10327, 36),
    (10327, 25),
    (10327, 3),
    (10328, 27),
    (10328, 40),
    (10328, 36),
    (10328, 48),
    (10328, 49),
    (10328, 24),
    (10329, 42),
    (10329, 4),
    (10329, 32),
    (10329, 26),
    (10329, 37),
    (10330, 44),
    (10330, 25),
    (10330, 13),
    (10330, 15),
    (10330, 4),
    (10330, 41),
    (10331, 42),
    (10331, 39),
    (10331, 2),
    (10331, 15),
    (10331, 40),
    (10332, 37),
    (10332, 30),
    (10332, 46),
    (10332, 31),
    (10333, 43),
    (10333, 34),
    (10333, 2),
    (10334, 11),
    (10334, 36),
    (10334, 35),
    (10335, 8),
    (10335, 14),
    (10335, 29),
    (10335, 7),
    (10336, 33),
    (10336, 24),
    (10336, 17),
    (10336, 10),
    (10337, 18),
    (10337, 41),
    (10337, 50),
    (10337, 25),
    (10337, 9),
    (10337, 32),
    (10338, 16),
    (10338, 37),
    (10338, 33),
    (10338, 11),
    (10338, 7),
    (10339, 31),
    (10339, 29),
    (10339, 30),
    (10339, 43),
    (10340, 6),
    (10340, 7),
    (10340, 50),
    (10341, 50),
    (10341, 30),
    (10341, 9),
    (10341, 47),
    (10341, 28),
    (10341, 45),
    (10342, 21),
    (10342, 28),
    (10342, 35),
    (10342, 22),
    (10343, 27),
    (10343, 42),
    (10343, 35),
    (10343, 8),
    (10343, 4),
    (10343, 15),
    (10344, 47),
    (10344, 28),
    (10344, 39),
    (10344, 45),
    (10344, 50),
    (10344, 29),
    (10345, 43),
    (10345, 40),
    (10345, 13),
    (10345, 4),
    (10345, 38),
    (10345, 44),
    (10346, 21),
    (10346, 8),
    (10346, 4),
    (10346, 18),
    (10346, 41),
    (10346, 12),
    (10347, 30),
    (10347, 21),
    (10347, 35),
    (10347, 23),
    (10348, 31),
    (10348, 46),
    (10348, 33),
    (10348, 49),
    (10348, 9),
    (10349, 20),
    (10349, 47),
    (10349, 31),
    (10349, 19),
    (10349, 21),
    (10350, 34),
    (10350, 23),
    (10350, 5),
    (10350, 25),
    (10351, 3),
    (10351, 43),
    (10351, 19),
    (10352, 29),
    (10352, 4),
    (10352, 2),
    (10353, 13),
    (10353, 43),
    (10353, 48),
    (10353, 50),
    (10353, 27),
    (10354, 14),
    (10354, 39),
    (10354, 24),
    (10354, 12),
    (10354, 33),
    (10354, 38),
    (10355, 21),
    (10355, 48),
    (10355, 22),
    (10355, 40),
    (10355, 50),
    (10355, 33),
    (10356, 41),
    (10356, 45),
    (10356, 48),
    (10357, 26),
    (10357, 15),
    (10357, 12),
    (10357, 30),
    (10357, 8),
    (10357, 14),
    (10358, 19),
    (10358, 30),
    (10358, 39),
    (10359, 33),
    (10359, 13),
    (10359, 16),
    (10359, 40),
    (10360, 7),
    (10360, 4),
    (10360, 6),
    (10360, 39),
    (10360, 33),
    (10361, 43),
    (10361, 9),
    (10361, 34),
    (10362, 47),
    (10362, 49),
    (10362, 36),
    (10362, 33),
    (10362, 35),
    (10362, 27),
    (10363, 34),
    (10363, 10),
    (10363, 12),
    (10363, 42),
    (10364, 13),
    (10364, 20),
    (10364, 25),
    (10365, 20),
    (10365, 13),
    (10365, 4),
    (10365, 2),
    (10366, 32),
    (10366, 16),
    (10366, 41),
    (10367, 49),
    (10367, 31),
    (10367, 18),
    (10367, 36),
    (10368, 27),
    (10368, 25),
    (10368, 20),
    (10369, 33),
    (10369, 7),
    (10369, 34),
    (10369, 26),
    (10370, 46),
    (10370, 48),
    (10370, 4),
    (10371, 44),
    (10371, 6),
    (10371, 49),
    (10372, 17),
    (10372, 18),
    (10372, 7),
    (10372, 35),
    (10372, 20),
    (10373, 24),
    (10373, 23),
    (10373, 31),
    (10373, 50),
    (10374, 37),
    (10374, 21),
    (10374, 44),
    (10374, 17),
    (10374, 42),
    (10375, 26),
    (10375, 8),
    (10375, 49),
    (10376, 46),
    (10376, 22),
    (10376, 12),
    (10376, 49),
    (10376, 6),
    (10377, 36),
    (10377, 41),
    (10377, 7),
    (10377, 29),
    (10377, 33),
    (10377, 16),
    (10378, 34),
    (10378, 48),
    (10378, 20),
    (10379, 3),
    (10379, 20),
    (10379, 43),
    (10379, 35),
    (10380, 39),
    (10380, 13),
    (10380, 35),
    (10381, 39),
    (10381, 32),
    (10381, 15),
    (10382, 7),
    (10382, 32),
    (10382, 25),
    (10383, 37),
    (10383, 17),
    (10383, 22),
    (10383, 19),
    (10383, 45),
    (10384, 29),
    (10384, 6),
    (10384, 5),
    (10385, 10),
    (10385, 36),
    (10385, 12),
    (10385, 25),
    (10386, 39),
    (10386, 13),
    (10386, 35),
    (10387, 6),
    (10387, 10),
    (10387, 9),
    (10388, 3),
    (10388, 10),
    (10388, 21),
    (10388, 20),
    (10388, 39),
    (10388, 33),
    (10389, 40),
    (10389, 46),
    (10389, 16),
    (10389, 19),
    (10389, 49),
    (10390, 26),
    (10390, 13),
    (10390, 25),
    (10390, 47),
    (10390, 2),
    (10391, 47),
    (10391, 29),
    (10391, 45),
    (10391, 49),
    (10391, 15),
    (10392, 16),
    (10392, 9),
    (10392, 35),
    (10392, 28),
    (10392, 45),
    (10392, 18),
    (10393, 48),
    (10393, 11),
    (10393, 50),
    (10394, 30),
    (10394, 17),
    (10394, 36),
    (10395, 17),
    (10395, 23),
    (10395, 38),
    (10396, 39),
    (10396, 9),
    (10396, 30),
    (10396, 2),
    (10396, 33),
    (10396, 32),
    (10397, 5),
    (10397, 14),
    (10397, 7),
    (10398, 5),
    (10398, 43),
    (10398, 25),
    (10398, 12),
    (10398, 19),
    (10399, 28),
    (10399, 30),
    (10399, 7),
    (10399, 33),
    (10400, 8),
    (10400, 35),
    (10400, 2),
    (10400, 3),
    (10401, 13),
    (10401, 43),
    (10401, 8),
    (10402, 17),
    (10402, 41),
    (10402, 37),
    (10402, 30),
    (10402, 40),
    (10403, 9),
    (10403, 6),
    (10403, 28),
    (10403, 50),
    (10403, 35),
    (10403, 26),
    (10404, 31),
    (10404, 26),
    (10404, 34),
    (10405, 36),
    (10405, 24),
    (10405, 14),
    (10405, 29),
    (10406, 4),
    (10406, 16),
    (10406, 20),
    (10406, 13),
    (10407, 37),
    (10407, 31),
    (10407, 24),
    (10407, 18),
    (10407, 5),
    (10407, 30),
    (10408, 32),
    (10408, 44),
    (10408, 2),
    (10408, 38),
    (10409, 44),
    (10409, 22),
    (10409, 27),
    (10409, 48),
    (10410, 43),
    (10410, 22),
    (10410, 34),
    (10410, 14),
    (10411, 3),
    (10411, 39),
    (10411, 44),
    (10411, 33),
    (10411, 43),
    (10411, 22),
    (10412, 2),
    (10412, 45),
    (10412, 37),
    (10412, 12),
    (10412, 8),
    (10412, 48),
    (10413, 17),
    (10413, 27),
    (10413, 14),
    (10414, 32),
    (10414, 9),
    (10414, 33),
    (10414, 26),
    (10414, 31),
    (10415, 32),
    (10415, 30),
    (10415, 47),
    (10415, 33),
    (10415, 7),
    (10416, 25),
    (10416, 9),
    (10416, 2),
    (10416, 38),
    (10417, 10),
    (10417, 32),
    (10417, 5),
    (10418, 22),
    (10418, 45),
    (10418, 16),
    (10418, 21),
    (10419, 32),
    (10419, 12),
    (10419, 7),
    (10420, 41),
    (10420, 11),
    (10420, 12),
    (10420, 42),
    (10420, 20),
    (10421, 22),
    (10421, 34),
    (10421, 47),
    (10422, 12),
    (10422, 41),
    (10422, 49),
    (10422, 16),
    (10422, 32),
    (10423, 22),
    (10423, 6),
    (10423, 37),
    (10423, 41),
    (10423, 30),
    (10424, 34),
    (10424, 24),
    (10424, 40),
    (10424, 11),
    (10424, 4),
    (10424, 22),
    (10425, 41),
    (10425, 33),
    (10425, 45),
    (10425, 3),
    (10426, 34),
    (10426, 30),
    (10426, 11),
    (10426, 16),
    (10426, 12),
    (10427, 32),
    (10427, 29),
    (10427, 10),
    (10427, 43),
    (10427, 19),
    (10428, 6),
    (10428, 5),
    (10428, 22),
    (10428, 28),
    (10428, 35),
    (10429, 6),
    (10429, 5),
    (10429, 29),
    (10430, 34),
    (10430, 26),
    (10430, 27),
    (10430, 50),
    (10430, 40),
    (10430, 10),
    (10431, 11),
    (10431, 41),
    (10431, 38),
    (10431, 5),
    (10431, 34),
    (10432, 11),
    (10432, 45),
    (10432, 40),
    (10432, 46),
    (10432, 7),
    (10433, 5),
    (10433, 26),
    (10433, 4),
    (10433, 47),
    (10433, 49),
    (10434, 11),
    (10434, 48),
    (10434, 33),
    (10434, 15),
    (10435, 2),
    (10435, 27),
    (10435, 26),
    (10435, 5),
    (10436, 29),
    (10436, 19),
    (10436, 47),
    (10436, 49),
    (10436, 32),
    (10437, 14),
    (10437, 6),
    (10437, 44),
    (10437, 20),
    (10437, 18),
    (10437, 24),
    (10438, 48),
    (10438, 5),
    (10438, 36),
    (10438, 27),
    (10439, 45),
    (10439, 39),
    (10439, 41),
    (10439, 47),
    (10439, 25),
    (10439, 23),
    (10440, 10),
    (10440, 26),
    (10440, 46),
    (10440, 37),
    (10440, 14),
    (10440, 5),
    (10441, 50),
    (10441, 13),
    (10441, 45),
    (10442, 10),
    (10442, 47),
    (10442, 24),
    (10442, 29),
    (10442, 25),
    (10443, 24),
    (10443, 28),
    (10443, 37),
    (10443, 31),
    (10443, 26),
    (10443, 29),
    (10444, 2),
    (10444, 36),
    (10444, 44),
    (10444, 10),
    (10444, 46),
    (10444, 30),
    (10445, 23),
    (10445, 32),
    (10445, 20),
    (10445, 49),
    (10445, 31),
    (10445, 29),
    (10446, 50),
    (10446, 9),
    (10446, 30),
    (10447, 22),
    (10447, 30),
    (10447, 20),
    (10447, 24),
    (10447, 6),
    (10448, 25),
    (10448, 26),
    (10448, 34),
    (10448, 46),
    (10448, 23),
    (10449, 23),
    (10449, 39),
    (10449, 22),
    (10449, 20),
    (10450, 2),
    (10450, 41),
    (10450, 5),
    (10450, 22),
    (10451, 48),
    (10451, 39),
    (10451, 27),
    (10451, 26),
    (10451, 22),
    (10452, 15),
    (10452, 45),
    (10452, 46),
    (10453, 21),
    (10453, 14),
    (10453, 23),
    (10453, 8),
    (10454, 13),
    (10454, 5),
    (10454, 27),
    (10455, 4),
    (10455, 38),
    (10455, 45),
    (10455, 44),
    (10455, 8),
    (10455, 26),
    (10456, 24),
    (10456, 17),
    (10456, 9),
    (10456, 31),
    (10456, 45),
    (10457, 41),
    (10457, 31),
    (10457, 14),
    (10457, 42),
    (10457, 30),
    (10457, 26),
    (10458, 9),
    (10458, 35),
    (10458, 7),
    (10458, 23),
    (10458, 50),
    (10458, 5),
    (10459, 23),
    (10459, 15),
    (10459, 38),
    (10460, 40),
    (10460, 32),
    (10460, 3),
    (10460, 48),
    (10460, 26),
    (10460, 36),
    (10461, 16),
    (10461, 36),
    (10461, 13),
    (10462, 46),
    (10462, 34),
    (10462, 29),
    (10462, 17),
    (10462, 13),
    (10462, 15),
    (10463, 16),
    (10463, 23),
    (10463, 30),
    (10463, 36),
    (10463, 45),
    (10464, 9),
    (10464, 34),
    (10464, 16),
    (10464, 10),
    (10464, 12),
    (10464, 40),
    (10465, 47),
    (10465, 24),
    (10465, 17),
    (10465, 42),
    (10465, 43),
    (10465, 3),
    (10466, 28),
    (10466, 50),
    (10466, 42),
    (10466, 26),
    (10466, 27),
    (10467, 3),
    (10467, 20),
    (10467, 44),
    (10468, 30),
    (10468, 32),
    (10468, 47),
    (10468, 3),
    (10468, 27),
    (10468, 7),
    (10469, 29),
    (10469, 11),
    (10469, 22),
    (10470, 34),
    (10470, 8),
    (10470, 6),
    (10470, 37),
    (10470, 31),
    (10470, 33),
    (10471, 14),
    (10471, 32),
    (10471, 44),
    (10471, 24),
    (10471, 27),
    (10472, 44),
    (10472, 29),
    (10472, 50),
    (10472, 41),
    (10473, 19),
    (10473, 2),
    (10473, 32),
    (10473, 18),
    (10474, 42),
    (10474, 49),
    (10474, 34),
    (10474, 43),
    (10475, 43),
    (10475, 48),
    (10475, 38),
    (10475, 31),
    (10475, 27),
    (10476, 2),
    (10476, 32),
    (10476, 12),
    (10476, 41),
    (10477, 12),
    (10477, 11),
    (10477, 19),
    (10477, 41),
    (10478, 14),
    (10478, 16),
    (10478, 33),
    (10478, 49),
    (10478, 27),
    (10478, 25),
    (10479, 4),
    (10479, 8),
    (10479, 41),
    (10480, 25),
    (10480, 39),
    (10480, 12),
    (10480, 46),
    (10480, 30),
    (10481, 29),
    (10481, 5),
    (10481, 42),
    (10482, 16),
    (10482, 34),
    (10482, 13),
    (10482, 22),
    (10482, 41),
    (10483, 4),
    (10483, 25),
    (10483, 49),
    (10483, 14),
    (10483, 37),
    (10483, 43),
    (10484, 40),
    (10484, 24),
    (10484, 35),
    (10485, 41),
    (10485, 42),
    (10485, 40),
    (10485, 16),
    (10485, 33);


    INSERT INTO GameSessions (id, max_players, status, current_players, turn, is_private, pin, game_duration, winner_id, start_time, end_time, creator_id, name) VALUES
    (10786, 4, 'FINISHED', 4, 1, FALSE, NULL, 97, 31, '2025-05-01 00:00:00', '2025-05-01 01:37:00', 13, 'AncientRuins'),
    (10787, 4, 'FINISHED', 4, 1, FALSE, NULL, 92, 36, '2025-05-02 00:00:00', '2025-05-02 01:32:00', 3, 'IronClash'),
    (10788, 6, 'FINISHED', 6, 1, FALSE, NULL, 113, 24, '2025-05-03 00:00:00', '2025-05-03 01:53:00', 21, 'TitanFall'),
    (10789, 6, 'FINISHED', 6, 1, FALSE, NULL, 98, 14, '2025-05-04 00:00:00', '2025-05-04 01:38:00', 42, 'WildWest'),
    (10790, 6, 'FINISHED', 6, 1, FALSE, NULL, 79, 36, '2025-05-05 00:00:00', '2025-05-05 01:19:00', 36, 'PhantomBattle'),
    (10791, 5, 'FINISHED', 5, 1, FALSE, NULL, 45, 7, '2025-05-06 00:00:00', '2025-05-06 00:45:00', 41, 'CyberPunk'),
    (10792, 3, 'FINISHED', 3, 1, FALSE, NULL, 34, 31, '2025-05-07 00:00:00', '2025-05-07 00:34:00', 17, 'ShadowRealm'),
    (10793, 4, 'FINISHED', 4, 1, FALSE, NULL, 57, 47, '2025-05-08 00:00:00', '2025-05-08 00:57:00', 46, 'MagicDuel'),
    (10794, 5, 'FINISHED', 5, 1, FALSE, NULL, 80, 42, '2025-05-09 00:00:00', '2025-05-09 01:20:00', 32, 'ShadowRealm'),
    (10795, 4, 'FINISHED', 4, 1, FALSE, NULL, 111, 12, '2025-05-10 00:00:00', '2025-05-10 01:51:00', 20, 'Starlight'),
    (10796, 5, 'FINISHED', 5, 1, FALSE, NULL, 43, 2, '2025-05-11 00:00:00', '2025-05-11 00:43:00', 27, 'Skyfall'),
    (10797, 6, 'FINISHED', 6, 1, FALSE, NULL, 81, 47, '2025-05-12 00:00:00', '2025-05-12 01:21:00', 10, 'Skyfall'),
    (10798, 3, 'FINISHED', 3, 1, FALSE, NULL, 59, 48, '2025-05-13 00:00:00', '2025-05-13 00:59:00', 2, 'StormFront'),
    (10799, 5, 'FINISHED', 5, 1, FALSE, NULL, 104, 44, '2025-05-14 00:00:00', '2025-05-14 01:44:00', 48, 'DarkHorizon'),
    (10800, 5, 'FINISHED', 5, 1, FALSE, NULL, 108, 12, '2025-05-15 00:00:00', '2025-05-15 01:48:00', 11, 'NebulaRiders'),
    (10801, 5, 'FINISHED', 5, 1, FALSE, NULL, 57, 2, '2025-05-16 00:00:00', '2025-05-16 00:57:00', 39, 'EmeraldTrail'),
    (10802, 6, 'FINISHED', 6, 1, FALSE, NULL, 61, 37, '2025-05-17 00:00:00', '2025-05-17 01:01:00', 22, 'WolfDen'),
    (10803, 5, 'FINISHED', 5, 1, FALSE, NULL, 50, 49, '2025-05-18 00:00:00', '2025-05-18 00:50:00', 20, 'Starlight'),
    (10804, 3, 'FINISHED', 3, 1, FALSE, NULL, 119, 23, '2025-05-19 00:00:00', '2025-05-19 01:59:00', 24, 'TitanFall'),
    (10805, 4, 'FINISHED', 4, 1, FALSE, NULL, 47, 50, '2025-05-20 00:00:00', '2025-05-20 00:47:00', 20, 'StarForge'),
    (10806, 5, 'FINISHED', 5, 1, FALSE, NULL, 52, 9, '2025-05-21 00:00:00', '2025-05-21 00:52:00', 29, 'CrimsonEmpire'),
    (10807, 3, 'FINISHED', 3, 1, FALSE, NULL, 63, 24, '2025-05-22 00:00:00', '2025-05-22 01:03:00', 6, 'StarForge'),
    (10808, 4, 'FINISHED', 4, 1, FALSE, NULL, 23, 6, '2025-05-23 00:00:00', '2025-05-23 00:23:00', 31, 'TempestPeak'),
    (10809, 3, 'FINISHED', 3, 1, FALSE, NULL, 30, 36, '2025-05-24 00:00:00', '2025-05-24 00:30:00', 14, 'DesertStorm'),
    (10810, 3, 'FINISHED', 3, 1, FALSE, NULL, 21, 39, '2025-05-25 00:00:00', '2025-05-25 00:21:00', 4, 'FrozenSpire'),
    (10811, 4, 'FINISHED', 4, 1, FALSE, NULL, 80, 18, '2025-05-26 00:00:00', '2025-05-26 01:20:00', 26, 'CyberPunk'),
    (10812, 6, 'FINISHED', 6, 1, FALSE, NULL, 112, 42, '2025-05-27 00:00:00', '2025-05-27 01:52:00', 17, 'VenomSpire'),
    (10813, 6, 'FINISHED', 6, 1, FALSE, NULL, 62, 21, '2025-05-28 00:00:00', '2025-05-28 01:02:00', 45, 'EmeraldTrail'),
    (10814, 4, 'FINISHED', 4, 1, FALSE, NULL, 93, 37, '2025-05-29 00:00:00', '2025-05-29 01:33:00', 34, 'StarForge'),
    (10815, 5, 'FINISHED', 5, 1, FALSE, NULL, 35, 19, '2025-05-30 00:00:00', '2025-05-30 00:35:00', 10, 'WindBreaker'),
    (10816, 6, 'FINISHED', 6, 1, FALSE, NULL, 66, 10, '2025-05-31 00:00:00', '2025-05-31 01:06:00', 49, 'MysticQuest'),
    (10817, 4, 'FINISHED', 4, 1, FALSE, NULL, 99, 22, '2025-06-01 00:00:00', '2025-06-01 01:39:00', 40, 'KnightsChallenge'),
    (10818, 5, 'FINISHED', 5, 1, FALSE, NULL, 60, 27, '2025-06-02 00:00:00', '2025-06-02 01:00:00', 21, 'SacredPath'),
    (10819, 4, 'FINISHED', 4, 1, FALSE, NULL, 120, 12, '2025-06-03 00:00:00', '2025-06-03 02:00:00', 2, 'SacredPath'),
    (10820, 6, 'FINISHED', 6, 1, FALSE, NULL, 24, 44, '2025-06-04 00:00:00', '2025-06-04 00:24:00', 40, 'StarForge'),
    (10821, 6, 'FINISHED', 6, 1, FALSE, NULL, 119, 12, '2025-06-05 00:00:00', '2025-06-05 01:59:00', 44, 'SolarFlare'),
    (10822, 4, 'FINISHED', 4, 1, FALSE, NULL, 82, 13, '2025-06-06 00:00:00', '2025-06-06 01:22:00', 8, 'Skyfall'),
    (10823, 3, 'FINISHED', 3, 1, FALSE, NULL, 79, 41, '2025-06-07 00:00:00', '2025-06-07 01:19:00', 30, 'BattleRoyale'),
    (10824, 6, 'FINISHED', 6, 1, FALSE, NULL, 87, 7, '2025-06-08 00:00:00', '2025-06-08 01:27:00', 11, 'FireEmblem'),
    (10825, 6, 'FINISHED', 6, 1, FALSE, NULL, 115, 41, '2025-06-09 00:00:00', '2025-06-09 01:55:00', 8, 'IronClash'),
    (10826, 3, 'FINISHED', 3, 1, FALSE, NULL, 111, 47, '2025-06-10 00:00:00', '2025-06-10 01:51:00', 30, 'EclipseBattle'),
    (10827, 6, 'FINISHED', 6, 1, FALSE, NULL, 109, 43, '2025-06-11 00:00:00', '2025-06-11 01:49:00', 50, 'FrozenTundra'),
    (10828, 5, 'FINISHED', 5, 1, FALSE, NULL, 25, 50, '2025-06-12 00:00:00', '2025-06-12 00:25:00', 38, 'SolarFlare'),
    (10829, 6, 'FINISHED', 6, 1, FALSE, NULL, 53, 25, '2025-06-13 00:00:00', '2025-06-13 00:53:00', 25, 'SilentFortress'),
    (10830, 5, 'FINISHED', 5, 1, FALSE, NULL, 55, 21, '2025-06-14 00:00:00', '2025-06-14 00:55:00', 46, 'KnightsChallenge'),
    (10831, 6, 'FINISHED', 6, 1, FALSE, NULL, 68, 39, '2025-06-15 00:00:00', '2025-06-15 01:08:00', 16, 'NebulaRiders'),
    (10832, 4, 'FINISHED', 4, 1, FALSE, NULL, 71, 49, '2025-06-16 00:00:00', '2025-06-16 01:11:00', 6, 'SolarFlare'),
    (10833, 5, 'FINISHED', 5, 1, FALSE, NULL, 108, 8, '2025-06-17 00:00:00', '2025-06-17 01:48:00', 27, 'LunarEclipse'),
    (10834, 6, 'FINISHED', 6, 1, FALSE, NULL, 76, 28, '2025-06-18 00:00:00', '2025-06-18 01:16:00', 47, 'SpaceOdyssey'),
    (10835, 5, 'FINISHED', 5, 1, FALSE, NULL, 98, 27, '2025-06-19 00:00:00', '2025-06-19 01:38:00', 2, 'ForestGuardians'),
    (10836, 4, 'FINISHED', 4, 1, FALSE, NULL, 120, 43, '2025-06-20 00:00:00', '2025-06-20 02:00:00', 22, 'AncientRuins'),
    (10837, 5, 'FINISHED', 5, 1, FALSE, NULL, 47, 13, '2025-06-21 00:00:00', '2025-06-21 00:47:00', 3, 'FrozenSpire'),
    (10838, 5, 'FINISHED', 5, 1, FALSE, NULL, 46, 13, '2025-06-22 00:00:00', '2025-06-22 00:46:00', 4, 'InfernoCanyon'),
    (10839, 3, 'FINISHED', 3, 1, FALSE, NULL, 60, 45, '2025-06-23 00:00:00', '2025-06-23 01:00:00', 8, 'IronClash'),
    (10840, 6, 'FINISHED', 6, 1, FALSE, NULL, 101, 30, '2025-06-24 00:00:00', '2025-06-24 01:41:00', 44, 'CrystalCave'),
    (10841, 3, 'FINISHED', 3, 1, FALSE, NULL, 108, 23, '2025-06-25 00:00:00', '2025-06-25 01:48:00', 50, 'AncientRuins'),
    (10842, 5, 'FINISHED', 5, 1, FALSE, NULL, 98, 35, '2025-06-26 00:00:00', '2025-06-26 01:38:00', 15, 'CyberPunk'),
    (10843, 6, 'FINISHED', 6, 1, FALSE, NULL, 84, 3, '2025-06-27 00:00:00', '2025-06-27 01:24:00', 6, 'VenomSpire'),
    (10844, 4, 'FINISHED', 4, 1, FALSE, NULL, 109, 24, '2025-06-28 00:00:00', '2025-06-28 01:49:00', 3, 'SacredPath'),
    (10845, 5, 'FINISHED', 5, 1, FALSE, NULL, 97, 32, '2025-06-29 00:00:00', '2025-06-29 01:37:00', 4, 'MagicDuel'),
    (10846, 3, 'FINISHED', 3, 1, FALSE, NULL, 77, 16, '2025-06-30 00:00:00', '2025-06-30 01:17:00', 40, 'IronClash'),
    (10847, 4, 'FINISHED', 4, 1, FALSE, NULL, 98, 33, '2025-07-01 00:00:00', '2025-07-01 01:38:00', 20, 'LunarEclipse'),
    (10848, 5, 'FINISHED', 5, 1, FALSE, NULL, 89, 41, '2025-07-02 00:00:00', '2025-07-02 01:29:00', 10, 'MoonlitVale'),
    (10849, 3, 'FINISHED', 3, 1, FALSE, NULL, 26, 8, '2025-07-03 00:00:00', '2025-07-03 00:26:00', 29, 'NebulaRiders'),
    (10850, 5, 'FINISHED', 5, 1, FALSE, NULL, 59, 25, '2025-07-04 00:00:00', '2025-07-04 00:59:00', 21, 'InfernoCanyon'),
    (10851, 5, 'FINISHED', 5, 1, FALSE, NULL, 109, 44, '2025-07-05 00:00:00', '2025-07-05 01:49:00', 36, 'StarForge'),
    (10852, 3, 'FINISHED', 3, 1, FALSE, NULL, 87, 34, '2025-07-06 00:00:00', '2025-07-06 01:27:00', 39, 'BattleRoyale'),
    (10853, 6, 'FINISHED', 6, 1, FALSE, NULL, 59, 11, '2025-07-07 00:00:00', '2025-07-07 00:59:00', 28, 'PhantomBattle'),
    (10854, 3, 'FINISHED', 3, 1, FALSE, NULL, 109, 22, '2025-07-08 00:00:00', '2025-07-08 01:49:00', 37, 'DragonFury'),
    (10855, 4, 'FINISHED', 4, 1, FALSE, NULL, 111, 26, '2025-07-09 00:00:00', '2025-07-09 01:51:00', 48, 'LunarEclipse'),
    (10856, 4, 'FINISHED', 4, 1, FALSE, NULL, 20, 48, '2025-07-10 00:00:00', '2025-07-10 00:20:00', 47, 'ShadowRealm'),
    (10857, 5, 'FINISHED', 5, 1, FALSE, NULL, 117, 26, '2025-07-11 00:00:00', '2025-07-11 01:57:00', 46, 'Sandstorm'),
    (10858, 6, 'FINISHED', 6, 1, FALSE, NULL, 114, 16, '2025-07-12 00:00:00', '2025-07-12 01:54:00', 9, 'StarForge'),
    (10859, 5, 'FINISHED', 5, 1, FALSE, NULL, 38, 24, '2025-07-13 00:00:00', '2025-07-13 00:38:00', 31, 'ChaosTheory'),
    (10860, 4, 'FINISHED', 4, 1, FALSE, NULL, 77, 22, '2025-07-14 00:00:00', '2025-07-14 01:17:00', 43, 'StormFront'),
    (10861, 5, 'FINISHED', 5, 1, FALSE, NULL, 97, 39, '2025-07-15 00:00:00', '2025-07-15 01:37:00', 50, 'FrozenSpire'),
    (10862, 6, 'FINISHED', 6, 1, FALSE, NULL, 42, 47, '2025-07-16 00:00:00', '2025-07-16 00:42:00', 34, 'MoonlitVale'),
    (10863, 3, 'FINISHED', 3, 1, FALSE, NULL, 110, 37, '2025-07-17 00:00:00', '2025-07-17 01:50:00', 15, 'FireEmblem'),
    (10864, 4, 'FINISHED', 4, 1, FALSE, NULL, 111, 42, '2025-07-18 00:00:00', '2025-07-18 01:51:00', 49, 'FrozenTundra'),
    (10865, 4, 'FINISHED', 4, 1, FALSE, NULL, 45, 36, '2025-07-19 00:00:00', '2025-07-19 00:45:00', 49, 'CrystalCave'),
    (10866, 3, 'FINISHED', 3, 1, FALSE, NULL, 48, 12, '2025-07-20 00:00:00', '2025-07-20 00:48:00', 18, 'InfernoCanyon'),
    (10867, 6, 'FINISHED', 6, 1, FALSE, NULL, 93, 4, '2025-07-21 00:00:00', '2025-07-21 01:33:00', 29, 'Sandstorm'),
    (10868, 5, 'FINISHED', 5, 1, FALSE, NULL, 103, 26, '2025-07-22 00:00:00', '2025-07-22 01:43:00', 36, 'ChaosTheory'),
    (10869, 3, 'FINISHED', 3, 1, FALSE, NULL, 106, 20, '2025-07-23 00:00:00', '2025-07-23 01:46:00', 31, 'StarForge'),
    (10870, 3, 'FINISHED', 3, 1, FALSE, NULL, 34, 8, '2025-07-24 00:00:00', '2025-07-24 00:34:00', 32, 'FrozenTundra'),
    (10871, 6, 'FINISHED', 6, 1, FALSE, NULL, 104, 29, '2025-07-25 00:00:00', '2025-07-25 01:44:00', 45, 'ChaosTheory'),
    (10872, 6, 'FINISHED', 6, 1, FALSE, NULL, 78, 28, '2025-07-26 00:00:00', '2025-07-26 01:18:00', 25, 'LunarEclipse'),
    (10873, 3, 'FINISHED', 3, 1, FALSE, NULL, 119, 41, '2025-07-27 00:00:00', '2025-07-27 01:59:00', 48, 'Starlight'),
    (10874, 4, 'FINISHED', 4, 1, FALSE, NULL, 22, 39, '2025-07-28 00:00:00', '2025-07-28 00:22:00', 36, 'BattleRoyale'),
    (10875, 6, 'FINISHED', 6, 1, FALSE, NULL, 108, 42, '2025-07-29 00:00:00', '2025-07-29 01:48:00', 37, 'StormFront'),
    (10876, 4, 'FINISHED', 4, 1, FALSE, NULL, 95, 8, '2025-07-30 00:00:00', '2025-07-30 01:35:00', 5, 'IronClash'),
    (10877, 5, 'FINISHED', 5, 1, FALSE, NULL, 111, 35, '2025-07-31 00:00:00', '2025-07-31 01:51:00', 9, 'BlazeHaven'),
    (10878, 5, 'FINISHED', 5, 1, FALSE, NULL, 84, 28, '2025-08-01 00:00:00', '2025-08-01 01:24:00', 6, 'TempestPeak'),
    (10879, 5, 'FINISHED', 5, 1, FALSE, NULL, 75, 45, '2025-08-02 00:00:00', '2025-08-02 01:15:00', 41, 'CastleSiege'),
    (10880, 6, 'FINISHED', 6, 1, FALSE, NULL, 101, 40, '2025-08-03 00:00:00', '2025-08-03 01:41:00', 41, 'Sandstorm'),
    (10881, 3, 'FINISHED', 3, 1, FALSE, NULL, 26, 21, '2025-08-04 00:00:00', '2025-08-04 00:26:00', 33, 'GoldenAge'),
    (10882, 6, 'FINISHED', 6, 1, FALSE, NULL, 41, 10, '2025-08-05 00:00:00', '2025-08-05 00:41:00', 26, 'WindBreaker'),
    (10883, 4, 'FINISHED', 4, 1, FALSE, NULL, 46, 4, '2025-08-06 00:00:00', '2025-08-06 00:46:00', 4, 'BattleRoyale'),
    (10884, 5, 'FINISHED', 5, 1, FALSE, NULL, 35, 17, '2025-08-07 00:00:00', '2025-08-07 00:35:00', 38, 'ThunderStrike'),
    (10885, 5, 'FINISHED', 5, 1, FALSE, NULL, 53, 21, '2025-08-08 00:00:00', '2025-08-08 00:53:00', 37, 'Underworld'),
    (10886, 4, 'FINISHED', 4, 1, FALSE, NULL, 61, 10, '2025-08-09 00:00:00', '2025-08-09 01:01:00', 20, 'ShadowRealm'),
    (10887, 5, 'FINISHED', 5, 1, FALSE, NULL, 71, 14, '2025-08-10 00:00:00', '2025-08-10 01:11:00', 48, 'StormFront'),
    (10888, 4, 'FINISHED', 4, 1, FALSE, NULL, 40, 35, '2025-08-11 00:00:00', '2025-08-11 00:40:00', 21, 'TitanFall'),
    (10889, 4, 'FINISHED', 4, 1, FALSE, NULL, 85, 7, '2025-08-12 00:00:00', '2025-08-12 01:25:00', 15, 'SilentFortress'),
    (10890, 4, 'FINISHED', 4, 1, FALSE, NULL, 31, 37, '2025-08-13 00:00:00', '2025-08-13 00:31:00', 36, 'FrozenSpire'),
    (10891, 3, 'FINISHED', 3, 1, FALSE, NULL, 54, 4, '2025-08-14 00:00:00', '2025-08-14 00:54:00', 21, 'EmeraldTrail'),
    (10892, 6, 'FINISHED', 6, 1, FALSE, NULL, 42, 29, '2025-08-15 00:00:00', '2025-08-15 00:42:00', 28, 'HiddenTemple'),
    (10893, 4, 'FINISHED', 4, 1, FALSE, NULL, 54, 7, '2025-08-16 00:00:00', '2025-08-16 00:54:00', 33, 'OceanTides'),
    (10894, 4, 'FINISHED', 4, 1, FALSE, NULL, 90, 36, '2025-08-17 00:00:00', '2025-08-17 01:30:00', 19, 'MysticQuest'),
    (10895, 3, 'FINISHED', 3, 1, FALSE, NULL, 40, 50, '2025-08-18 00:00:00', '2025-08-18 00:40:00', 20, 'FrozenSpire'),
    (10896, 5, 'FINISHED', 5, 1, FALSE, NULL, 88, 6, '2025-08-19 00:00:00', '2025-08-19 01:28:00', 12, 'PhantomBattle'),
    (10897, 6, 'FINISHED', 6, 1, FALSE, NULL, 106, 41, '2025-08-20 00:00:00', '2025-08-20 01:46:00', 10, 'CrystalCave'),
    (10898, 5, 'FINISHED', 5, 1, FALSE, NULL, 85, 39, '2025-08-21 00:00:00', '2025-08-21 01:25:00', 7, 'DesertStorm'),
    (10899, 6, 'FINISHED', 6, 1, FALSE, NULL, 117, 23, '2025-08-22 00:00:00', '2025-08-22 01:57:00', 48, 'BlazeHaven'),
    (10900, 6, 'FINISHED', 6, 1, FALSE, NULL, 60, 16, '2025-08-23 00:00:00', '2025-08-23 01:00:00', 49, 'ThunderStrike'),
    (10901, 4, 'FINISHED', 4, 1, FALSE, NULL, 117, 40, '2025-08-24 00:00:00', '2025-08-24 01:57:00', 5, 'AncientRuins'),
    (10902, 3, 'FINISHED', 3, 1, FALSE, NULL, 109, 10, '2025-08-25 00:00:00', '2025-08-25 01:49:00', 48, 'MoonlitVale'),
    (10903, 4, 'FINISHED', 4, 1, FALSE, NULL, 23, 44, '2025-08-26 00:00:00', '2025-08-26 00:23:00', 28, 'EmeraldTrail'),
    (10904, 3, 'FINISHED', 3, 1, FALSE, NULL, 106, 10, '2025-08-27 00:00:00', '2025-08-27 01:46:00', 44, 'LunarEclipse'),
    (10905, 3, 'FINISHED', 3, 1, FALSE, NULL, 87, 30, '2025-08-28 00:00:00', '2025-08-28 01:27:00', 35, 'AncientRuins'),
    (10906, 6, 'FINISHED', 6, 1, FALSE, NULL, 69, 32, '2025-08-29 00:00:00', '2025-08-29 01:09:00', 25, 'Sandstorm'),
    (10907, 5, 'FINISHED', 5, 1, FALSE, NULL, 34, 2, '2025-08-30 00:00:00', '2025-08-30 00:34:00', 3, 'SpaceOdyssey'),
    (10908, 3, 'FINISHED', 3, 1, FALSE, NULL, 56, 40, '2025-08-31 00:00:00', '2025-08-31 00:56:00', 26, 'StormFront'),
    (10909, 6, 'FINISHED', 6, 1, FALSE, NULL, 40, 33, '2025-09-01 00:00:00', '2025-09-01 00:40:00', 19, 'OblivionEdge'),
    (10910, 4, 'FINISHED', 4, 1, FALSE, NULL, 87, 28, '2025-09-02 00:00:00', '2025-09-02 01:27:00', 38, 'PhantomBattle'),
    (10911, 5, 'FINISHED', 5, 1, FALSE, NULL, 107, 21, '2025-09-03 00:00:00', '2025-09-03 01:47:00', 29, 'TempestPeak'),
    (10912, 3, 'FINISHED', 3, 1, FALSE, NULL, 20, 12, '2025-09-04 00:00:00', '2025-09-04 00:20:00', 39, 'WildWest'),
    (10913, 6, 'FINISHED', 6, 1, FALSE, NULL, 99, 42, '2025-09-05 00:00:00', '2025-09-05 01:39:00', 46, 'ForestGuardians'),
    (10914, 4, 'FINISHED', 4, 1, FALSE, NULL, 66, 6, '2025-09-06 00:00:00', '2025-09-06 01:06:00', 27, 'FrozenSpire'),
    (10915, 4, 'FINISHED', 4, 1, FALSE, NULL, 90, 20, '2025-09-07 00:00:00', '2025-09-07 01:30:00', 11, 'BattleRoyale'),
    (10916, 4, 'FINISHED', 4, 1, FALSE, NULL, 104, 36, '2025-09-08 00:00:00', '2025-09-08 01:44:00', 19, 'StormFront'),
    (10917, 6, 'FINISHED', 6, 1, FALSE, NULL, 21, 11, '2025-09-09 00:00:00', '2025-09-09 00:21:00', 33, 'MysticQuest'),
    (10918, 6, 'FINISHED', 6, 1, FALSE, NULL, 26, 41, '2025-09-10 00:00:00', '2025-09-10 00:26:00', 44, 'Starlight'),
    (10919, 3, 'FINISHED', 3, 1, FALSE, NULL, 108, 20, '2025-09-11 00:00:00', '2025-09-11 01:48:00', 33, 'Sandstorm'),
    (10920, 4, 'FINISHED', 4, 1, FALSE, NULL, 33, 13, '2025-09-12 00:00:00', '2025-09-12 00:33:00', 11, 'CrystalCave'),
    (10921, 4, 'FINISHED', 4, 1, FALSE, NULL, 110, 38, '2025-09-13 00:00:00', '2025-09-13 01:50:00', 4, 'VenomSpire'),
    (10922, 4, 'FINISHED', 4, 1, FALSE, NULL, 61, 22, '2025-09-14 00:00:00', '2025-09-14 01:01:00', 21, 'KnightsChallenge'),
    (10923, 3, 'FINISHED', 3, 1, FALSE, NULL, 118, 46, '2025-09-15 00:00:00', '2025-09-15 01:58:00', 25, 'ShadowRealm'),
    (10924, 3, 'FINISHED', 3, 1, FALSE, NULL, 24, 14, '2025-09-16 00:00:00', '2025-09-16 00:24:00', 29, 'IronClash'),
    (10925, 4, 'FINISHED', 4, 1, FALSE, NULL, 71, 7, '2025-09-17 00:00:00', '2025-09-17 01:11:00', 25, 'DragonFury'),
    (10926, 3, 'FINISHED', 3, 1, FALSE, NULL, 99, 7, '2025-09-18 00:00:00', '2025-09-18 01:39:00', 36, 'DragonFury'),
    (10927, 6, 'FINISHED', 6, 1, FALSE, NULL, 39, 15, '2025-09-19 00:00:00', '2025-09-19 00:39:00', 38, 'SacredPath'),
    (10928, 4, 'FINISHED', 4, 1, FALSE, NULL, 97, 42, '2025-09-20 00:00:00', '2025-09-20 01:37:00', 16, 'WolfDen'),
    (10929, 5, 'FINISHED', 5, 1, FALSE, NULL, 44, 48, '2025-09-21 00:00:00', '2025-09-21 00:44:00', 46, 'TempestPeak'),
    (10930, 4, 'FINISHED', 4, 1, FALSE, NULL, 62, 2, '2025-09-22 00:00:00', '2025-09-22 01:02:00', 6, 'SpaceOdyssey'),
    (10931, 4, 'FINISHED', 4, 1, FALSE, NULL, 32, 28, '2025-09-23 00:00:00', '2025-09-23 00:32:00', 50, 'BattleRoyale'),
    (10932, 5, 'FINISHED', 5, 1, FALSE, NULL, 22, 11, '2025-09-24 00:00:00', '2025-09-24 00:22:00', 10, 'BlazeHaven'),
    (10933, 4, 'FINISHED', 4, 1, FALSE, NULL, 31, 12, '2025-09-25 00:00:00', '2025-09-25 00:31:00', 9, 'VenomSpire'),
    (10934, 6, 'FINISHED', 6, 1, FALSE, NULL, 112, 33, '2025-09-26 00:00:00', '2025-09-26 01:52:00', 11, 'TitanFall'),
    (10935, 6, 'FINISHED', 6, 1, FALSE, NULL, 24, 27, '2025-09-27 00:00:00', '2025-09-27 00:24:00', 49, 'SilentFortress'),
    (10936, 3, 'FINISHED', 3, 1, FALSE, NULL, 71, 38, '2025-09-28 00:00:00', '2025-09-28 01:11:00', 39, 'CrystalCave'),
    (10937, 4, 'FINISHED', 4, 1, FALSE, NULL, 66, 46, '2025-09-29 00:00:00', '2025-09-29 01:06:00', 27, 'OceanTides'),
    (10938, 6, 'FINISHED', 6, 1, FALSE, NULL, 104, 7, '2025-09-30 00:00:00', '2025-09-30 01:44:00', 49, 'VenomSpire'),
    (10939, 6, 'FINISHED', 6, 1, FALSE, NULL, 37, 49, '2025-10-01 00:00:00', '2025-10-01 00:37:00', 36, 'Starlight'),
    (10940, 6, 'FINISHED', 6, 1, FALSE, NULL, 53, 43, '2025-10-02 00:00:00', '2025-10-02 00:53:00', 40, 'NebulaRiders'),
    (10941, 3, 'FINISHED', 3, 1, FALSE, NULL, 85, 44, '2025-10-03 00:00:00', '2025-10-03 01:25:00', 47, 'CyberPunk'),
    (10942, 3, 'FINISHED', 3, 1, FALSE, NULL, 108, 40, '2025-10-04 00:00:00', '2025-10-04 01:48:00', 3, 'MoonlitVale'),
    (10943, 3, 'FINISHED', 3, 1, FALSE, NULL, 61, 45, '2025-10-05 00:00:00', '2025-10-05 01:01:00', 20, 'BattleRoyale'),
    (10944, 6, 'FINISHED', 6, 1, FALSE, NULL, 34, 34, '2025-10-06 00:00:00', '2025-10-06 00:34:00', 48, 'BlazeHaven'),
    (10945, 5, 'FINISHED', 5, 1, FALSE, NULL, 89, 42, '2025-10-07 00:00:00', '2025-10-07 01:29:00', 28, 'StarForge'),
    (10946, 5, 'FINISHED', 5, 1, FALSE, NULL, 108, 20, '2025-10-08 00:00:00', '2025-10-08 01:48:00', 9, 'ForestGuardians'),
    (10947, 6, 'FINISHED', 6, 1, FALSE, NULL, 86, 49, '2025-10-09 00:00:00', '2025-10-09 01:26:00', 45, 'TitanFall'),
    (10948, 4, 'FINISHED', 4, 1, FALSE, NULL, 108, 43, '2025-10-10 00:00:00', '2025-10-10 01:48:00', 7, 'PhantomBattle'),
    (10949, 4, 'FINISHED', 4, 1, FALSE, NULL, 95, 20, '2025-10-11 00:00:00', '2025-10-11 01:35:00', 2, 'CastleSiege'),
    (10950, 5, 'FINISHED', 5, 1, FALSE, NULL, 90, 25, '2025-10-12 00:00:00', '2025-10-12 01:30:00', 20, 'TitanFall'),
    (10951, 4, 'FINISHED', 4, 1, FALSE, NULL, 29, 20, '2025-10-13 00:00:00', '2025-10-13 00:29:00', 6, 'ShadowRealm'),
    (10952, 3, 'FINISHED', 3, 1, FALSE, NULL, 77, 17, '2025-10-14 00:00:00', '2025-10-14 01:17:00', 36, 'LunarEclipse'),
    (10953, 6, 'FINISHED', 6, 1, FALSE, NULL, 85, 27, '2025-10-15 00:00:00', '2025-10-15 01:25:00', 16, 'ShadowRealm'),
    (10954, 4, 'FINISHED', 4, 1, FALSE, NULL, 54, 48, '2025-10-16 00:00:00', '2025-10-16 00:54:00', 39, 'NebulaRiders'),
    (10955, 6, 'FINISHED', 6, 1, FALSE, NULL, 86, 13, '2025-10-17 00:00:00', '2025-10-17 01:26:00', 49, 'DarkHorizon'),
    (10956, 6, 'FINISHED', 6, 1, FALSE, NULL, 35, 22, '2025-10-18 00:00:00', '2025-10-18 00:35:00', 7, 'Underworld'),
    (10957, 4, 'FINISHED', 4, 1, FALSE, NULL, 110, 28, '2025-10-19 00:00:00', '2025-10-19 01:50:00', 9, 'ThunderStrike'),
    (10958, 3, 'FINISHED', 3, 1, FALSE, NULL, 66, 45, '2025-10-20 00:00:00', '2025-10-20 01:06:00', 19, 'SacredPath'),
    (10959, 6, 'FINISHED', 6, 1, FALSE, NULL, 29, 8, '2025-10-21 00:00:00', '2025-10-21 00:29:00', 14, 'SpaceOdyssey'),
    (10960, 3, 'FINISHED', 3, 1, FALSE, NULL, 37, 48, '2025-10-22 00:00:00', '2025-10-22 00:37:00', 31, 'IronClash'),
    (10961, 3, 'FINISHED', 3, 1, FALSE, NULL, 107, 32, '2025-10-23 00:00:00', '2025-10-23 01:47:00', 3, 'FireEmblem'),
    (10962, 3, 'FINISHED', 3, 1, FALSE, NULL, 43, 11, '2025-10-24 00:00:00', '2025-10-24 00:43:00', 24, 'EclipseBattle'),
    (10963, 5, 'FINISHED', 5, 1, FALSE, NULL, 61, 47, '2025-10-25 00:00:00', '2025-10-25 01:01:00', 13, 'SpaceOdyssey'),
    (10964, 5, 'FINISHED', 5, 1, FALSE, NULL, 21, 16, '2025-10-26 00:00:00', '2025-10-26 00:21:00', 50, 'SpaceOdyssey'),
    (10965, 6, 'FINISHED', 6, 1, FALSE, NULL, 90, 4, '2025-10-27 00:00:00', '2025-10-27 01:30:00', 24, 'SilentFortress'),
    (10966, 4, 'FINISHED', 4, 1, FALSE, NULL, 67, 3, '2025-10-28 00:00:00', '2025-10-28 01:07:00', 19, 'FireEmblem'),
    (10967, 5, 'FINISHED', 5, 1, FALSE, NULL, 42, 41, '2025-10-29 00:00:00', '2025-10-29 00:42:00', 27, 'MoonlitVale'),
    (10968, 3, 'FINISHED', 3, 1, FALSE, NULL, 73, 33, '2025-10-30 00:00:00', '2025-10-30 01:13:00', 3, 'AncientRuins'),
    (10969, 6, 'FINISHED', 6, 1, FALSE, NULL, 120, 26, '2025-10-31 00:00:00', '2025-10-31 02:00:00', 9, 'Underworld'),
    (10970, 4, 'FINISHED', 4, 1, FALSE, NULL, 59, 6, '2025-11-01 00:00:00', '2025-11-01 00:59:00', 41, 'GalacticWars'),
    (10971, 4, 'FINISHED', 4, 1, FALSE, NULL, 37, 42, '2025-11-02 00:00:00', '2025-11-02 00:37:00', 32, 'SpaceOdyssey'),
    (10972, 4, 'FINISHED', 4, 1, FALSE, NULL, 47, 45, '2025-11-03 00:00:00', '2025-11-03 00:47:00', 3, 'Underworld'),
    (10973, 4, 'FINISHED', 4, 1, FALSE, NULL, 103, 10, '2025-11-04 00:00:00', '2025-11-04 01:43:00', 16, 'CyberPunk'),
    (10974, 4, 'FINISHED', 4, 1, FALSE, NULL, 42, 3, '2025-11-05 00:00:00', '2025-11-05 00:42:00', 50, 'Underworld'),
    (10975, 3, 'FINISHED', 3, 1, FALSE, NULL, 55, 17, '2025-11-06 00:00:00', '2025-11-06 00:55:00', 18, 'EclipseBattle'),
    (10976, 3, 'FINISHED', 3, 1, FALSE, NULL, 50, 17, '2025-11-07 00:00:00', '2025-11-07 00:50:00', 36, 'Sandstorm'),
    (10977, 6, 'FINISHED', 6, 1, FALSE, NULL, 87, 38, '2025-11-08 00:00:00', '2025-11-08 01:27:00', 29, 'Sandstorm'),
    (10978, 6, 'FINISHED', 6, 1, FALSE, NULL, 82, 33, '2025-11-09 00:00:00', '2025-11-09 01:22:00', 36, 'EmeraldTrail'),
    (10979, 6, 'FINISHED', 6, 1, FALSE, NULL, 106, 45, '2025-11-10 00:00:00', '2025-11-10 01:46:00', 29, 'Underworld'),
    (10980, 3, 'FINISHED', 3, 1, FALSE, NULL, 27, 5, '2025-11-11 00:00:00', '2025-11-11 00:27:00', 44, 'FrozenTundra'),
    (10981, 6, 'FINISHED', 6, 1, FALSE, NULL, 55, 33, '2025-11-12 00:00:00', '2025-11-12 00:55:00', 27, 'GalacticWars'),
    (10982, 5, 'FINISHED', 5, 1, FALSE, NULL, 61, 29, '2025-11-13 00:00:00', '2025-11-13 01:01:00', 22, 'HiddenTemple'),
    (10983, 4, 'FINISHED', 4, 1, FALSE, NULL, 75, 37, '2025-11-14 00:00:00', '2025-11-14 01:15:00', 6, 'MysticQuest'),
    (10984, 5, 'FINISHED', 5, 1, FALSE, NULL, 85, 45, '2025-11-15 00:00:00', '2025-11-15 01:25:00', 5, 'TwilightZone'),
    (10985, 4, 'FINISHED', 4, 1, FALSE, NULL, 83, 6, '2025-11-16 00:00:00', '2025-11-16 01:23:00', 43, 'DarkHorizon'),
    (10986, 3, 'FINISHED', 3, 1, FALSE, NULL, 44, 32, '2025-11-17 00:00:00', '2025-11-17 00:44:00', 37, 'MagicDuel'),
    (10987, 3, 'FINISHED', 3, 1, FALSE, NULL, 78, 13, '2025-11-18 00:00:00', '2025-11-18 01:18:00', 12, 'SacredPath'),
    (10988, 3, 'FINISHED', 3, 1, FALSE, NULL, 73, 34, '2025-11-19 00:00:00', '2025-11-19 01:13:00', 50, 'MoonlitVale'),
    (10989, 6, 'FINISHED', 6, 1, FALSE, NULL, 67, 50, '2025-11-20 00:00:00', '2025-11-20 01:07:00', 17, 'LunarEclipse'),
    (10990, 4, 'FINISHED', 4, 1, FALSE, NULL, 112, 36, '2025-11-21 00:00:00', '2025-11-21 01:52:00', 33, 'FireEmblem'),
    (10991, 4, 'FINISHED', 4, 1, FALSE, NULL, 88, 41, '2025-11-22 00:00:00', '2025-11-22 01:28:00', 24, 'GoldenAge'),
    (10992, 4, 'FINISHED', 4, 1, FALSE, NULL, 34, 7, '2025-11-23 00:00:00', '2025-11-23 00:34:00', 4, 'BattleRoyale'),
    (10993, 5, 'FINISHED', 5, 1, FALSE, NULL, 24, 22, '2025-11-24 00:00:00', '2025-11-24 00:24:00', 39, 'PhantomBattle'),
    (10994, 4, 'FINISHED', 4, 1, FALSE, NULL, 88, 38, '2025-11-25 00:00:00', '2025-11-25 01:28:00', 27, 'StarForge'),
    (10995, 6, 'FINISHED', 6, 1, FALSE, NULL, 91, 38, '2025-11-26 00:00:00', '2025-11-26 01:31:00', 6, 'SilentFortress'),
    (10996, 3, 'FINISHED', 3, 1, FALSE, NULL, 81, 27, '2025-11-27 00:00:00', '2025-11-27 01:21:00', 50, 'CrystalCave'),
    (10997, 5, 'FINISHED', 5, 1, FALSE, NULL, 106, 17, '2025-11-28 00:00:00', '2025-11-28 01:46:00', 13, 'TwilightZone'),
    (10998, 4, 'FINISHED', 4, 1, FALSE, NULL, 61, 6, '2025-11-29 00:00:00', '2025-11-29 01:01:00', 31, 'EclipseBattle'),
    (10999, 6, 'FINISHED', 6, 1, FALSE, NULL, 102, 45, '2025-11-30 00:00:00', '2025-11-30 01:42:00', 48, 'DesertStorm'),
    (11000, 5, 'FINISHED', 5, 1, FALSE, NULL, 61, 46, '2025-12-01 00:00:00', '2025-12-01 01:01:00', 42, 'DragonFury'),
    (11001, 4, 'FINISHED', 4, 1, FALSE, NULL, 39, 18, '2025-12-02 00:00:00', '2025-12-02 00:39:00', 43, 'OblivionEdge'),
    (11002, 3, 'FINISHED', 3, 1, FALSE, NULL, 80, 16, '2025-12-03 00:00:00', '2025-12-03 01:20:00', 11, 'Sandstorm'),
    (11003, 5, 'FINISHED', 5, 1, FALSE, NULL, 26, 30, '2025-12-04 00:00:00', '2025-12-04 00:26:00', 38, 'MagicDuel'),
    (11004, 6, 'FINISHED', 6, 1, FALSE, NULL, 33, 7, '2025-12-05 00:00:00', '2025-12-05 00:33:00', 44, 'WolfDen'),
    (11005, 3, 'FINISHED', 3, 1, FALSE, NULL, 67, 27, '2025-12-06 00:00:00', '2025-12-06 01:07:00', 45, 'CyberPunk'),
    (11006, 4, 'FINISHED', 4, 1, FALSE, NULL, 113, 10, '2025-12-07 00:00:00', '2025-12-07 01:53:00', 8, 'CyberPunk'),
    (11007, 6, 'FINISHED', 6, 1, FALSE, NULL, 77, 14, '2025-12-08 00:00:00', '2025-12-08 01:17:00', 21, 'WolfDen'),
    (11008, 6, 'FINISHED', 6, 1, FALSE, NULL, 74, 7, '2025-12-09 00:00:00', '2025-12-09 01:14:00', 41, 'PhantomBattle'),
    (11009, 6, 'FINISHED', 6, 1, FALSE, NULL, 72, 41, '2025-12-10 00:00:00', '2025-12-10 01:12:00', 4, 'GoldenAge'),
    (11010, 4, 'FINISHED', 4, 1, FALSE, NULL, 47, 9, '2025-12-11 00:00:00', '2025-12-11 00:47:00', 49, 'CrimsonEmpire'),
    (11011, 6, 'FINISHED', 6, 1, FALSE, NULL, 58, 6, '2025-12-12 00:00:00', '2025-12-12 00:58:00', 6, 'MoonlitVale'),
    (11012, 6, 'FINISHED', 6, 1, FALSE, NULL, 43, 45, '2025-12-13 00:00:00', '2025-12-13 00:43:00', 28, 'CyberPunk'),
    (11013, 6, 'FINISHED', 6, 1, FALSE, NULL, 82, 23, '2025-12-14 00:00:00', '2025-12-14 01:22:00', 40, 'WildWest'),
    (11014, 6, 'FINISHED', 6, 1, FALSE, NULL, 77, 18, '2025-12-15 00:00:00', '2025-12-15 01:17:00', 28, 'EmeraldTrail'),
    (11015, 5, 'FINISHED', 5, 1, FALSE, NULL, 71, 7, '2025-12-16 00:00:00', '2025-12-16 01:11:00', 44, 'CastleSiege'),
    (11016, 3, 'FINISHED', 3, 1, FALSE, NULL, 80, 39, '2025-12-17 00:00:00', '2025-12-17 01:20:00', 42, 'TwilightZone'),
    (11017, 4, 'FINISHED', 4, 1, FALSE, NULL, 41, 28, '2025-12-18 00:00:00', '2025-12-18 00:41:00', 41, 'WindBreaker'),
    (11018, 5, 'FINISHED', 5, 1, FALSE, NULL, 68, 14, '2025-12-19 00:00:00', '2025-12-19 01:08:00', 5, 'BattleRoyale'),
    (11019, 6, 'FINISHED', 6, 1, FALSE, NULL, 104, 23, '2025-12-20 00:00:00', '2025-12-20 01:44:00', 21, 'FrozenTundra'),
    (11020, 4, 'FINISHED', 4, 1, FALSE, NULL, 20, 26, '2025-12-21 00:00:00', '2025-12-21 00:20:00', 36, 'MagicDuel'),
    (11021, 6, 'FINISHED', 6, 1, FALSE, NULL, 69, 17, '2025-12-22 00:00:00', '2025-12-22 01:09:00', 23, 'StormFront'),
    (11022, 3, 'FINISHED', 3, 1, FALSE, NULL, 30, 46, '2025-12-23 00:00:00', '2025-12-23 00:30:00', 6, 'ShadowRealm'),
    (11023, 5, 'FINISHED', 5, 1, FALSE, NULL, 40, 44, '2025-12-24 00:00:00', '2025-12-24 00:40:00', 11, 'PhantomBattle'),
    (11024, 6, 'FINISHED', 6, 1, FALSE, NULL, 107, 3, '2025-12-25 00:00:00', '2025-12-25 01:47:00', 8, 'FrozenSpire'),
    (11025, 6, 'FINISHED', 6, 1, FALSE, NULL, 27, 7, '2025-12-26 00:00:00', '2025-12-26 00:27:00', 24, 'FrozenTundra'),
    (11026, 6, 'FINISHED', 6, 1, FALSE, NULL, 120, 24, '2025-12-27 00:00:00', '2025-12-27 02:00:00', 4, 'FrozenSpire'),
    (11027, 4, 'FINISHED', 4, 1, FALSE, NULL, 112, 37, '2025-12-28 00:00:00', '2025-12-28 01:52:00', 31, 'InfernoCanyon'),
    (11028, 4, 'FINISHED', 4, 1, FALSE, NULL, 63, 32, '2025-12-29 00:00:00', '2025-12-29 01:03:00', 50, 'GoldenAge'),
    (11029, 3, 'FINISHED', 3, 1, FALSE, NULL, 96, 19, '2025-12-30 00:00:00', '2025-12-30 01:36:00', 12, 'IronClash'),
    (11030, 4, 'FINISHED', 4, 1, FALSE, NULL, 110, 33, '2025-12-31 00:00:00', '2025-12-31 01:50:00', 26, 'SacredPath'),
    (11031, 6, 'FINISHED', 6, 1, FALSE, NULL, 77, 9, '2026-01-01 00:00:00', '2026-01-01 01:17:00', 37, 'CyberPunk'),
    (11032, 4, 'FINISHED', 4, 1, FALSE, NULL, 54, 20, '2026-01-02 00:00:00', '2026-01-02 00:54:00', 21, 'BlazeHaven'),
    (11033, 5, 'FINISHED', 5, 1, FALSE, NULL, 98, 42, '2026-01-03 00:00:00', '2026-01-03 01:38:00', 2, 'CrimsonEmpire'),
    (11034, 4, 'FINISHED', 4, 1, FALSE, NULL, 34, 16, '2026-01-04 00:00:00', '2026-01-04 00:34:00', 10, 'PhantomBattle'),
    (11035, 3, 'FINISHED', 3, 1, FALSE, NULL, 73, 48, '2026-01-05 00:00:00', '2026-01-05 01:13:00', 7, 'CrystalCave'),
    (11036, 3, 'FINISHED', 3, 1, FALSE, NULL, 64, 2, '2026-01-06 00:00:00', '2026-01-06 01:04:00', 6, 'TempestPeak'),
    (11037, 4, 'FINISHED', 4, 1, FALSE, NULL, 119, 15, '2026-01-07 00:00:00', '2026-01-07 01:59:00', 46, 'SpaceOdyssey'),
    (11038, 3, 'FINISHED', 3, 1, FALSE, NULL, 64, 14, '2026-01-08 00:00:00', '2026-01-08 01:04:00', 12, 'OblivionEdge'),
    (11039, 6, 'FINISHED', 6, 1, FALSE, NULL, 95, 28, '2026-01-09 00:00:00', '2026-01-09 01:35:00', 25, 'LunarEclipse'),
    (11040, 5, 'FINISHED', 5, 1, FALSE, NULL, 52, 45, '2026-01-10 00:00:00', '2026-01-10 00:52:00', 4, 'FrozenSpire'),
    (11041, 6, 'FINISHED', 6, 1, FALSE, NULL, 60, 28, '2026-01-11 00:00:00', '2026-01-11 01:00:00', 19, 'Starlight'),
    (11042, 5, 'FINISHED', 5, 1, FALSE, NULL, 98, 50, '2026-01-12 00:00:00', '2026-01-12 01:38:00', 14, 'SacredPath'),
    (11043, 5, 'FINISHED', 5, 1, FALSE, NULL, 87, 24, '2026-01-13 00:00:00', '2026-01-13 01:27:00', 32, 'SacredPath'),
    (11044, 5, 'FINISHED', 5, 1, FALSE, NULL, 61, 24, '2026-01-14 00:00:00', '2026-01-14 01:01:00', 27, 'ShadowRealm'),
    (11045, 3, 'FINISHED', 3, 1, FALSE, NULL, 114, 11, '2026-01-15 00:00:00', '2026-01-15 01:54:00', 6, 'AncientRuins'),
    (11046, 6, 'FINISHED', 6, 1, FALSE, NULL, 42, 17, '2026-01-16 00:00:00', '2026-01-16 00:42:00', 17, 'ShadowRealm'),
    (11047, 4, 'FINISHED', 4, 1, FALSE, NULL, 102, 11, '2026-01-17 00:00:00', '2026-01-17 01:42:00', 34, 'Starlight'),
    (11048, 5, 'FINISHED', 5, 1, FALSE, NULL, 90, 41, '2026-01-18 00:00:00', '2026-01-18 01:30:00', 16, 'CrystalCave'),
    (11049, 5, 'FINISHED', 5, 1, FALSE, NULL, 44, 38, '2026-01-19 00:00:00', '2026-01-19 00:44:00', 45, 'VenomSpire'),
    (11050, 4, 'FINISHED', 4, 1, FALSE, NULL, 46, 25, '2026-01-20 00:00:00', '2026-01-20 00:46:00', 33, 'GalacticWars'),
    (11051, 6, 'FINISHED', 6, 1, FALSE, NULL, 110, 26, '2026-01-21 00:00:00', '2026-01-21 01:50:00', 27, 'ThunderStrike'),
    (11052, 4, 'FINISHED', 4, 1, FALSE, NULL, 49, 17, '2026-01-22 00:00:00', '2026-01-22 00:49:00', 8, 'SolarFlare'),
    (11053, 3, 'FINISHED', 3, 1, FALSE, NULL, 105, 5, '2026-01-23 00:00:00', '2026-01-23 01:45:00', 14, 'CyberPunk'),
    (11054, 5, 'FINISHED', 5, 1, FALSE, NULL, 61, 25, '2026-01-24 00:00:00', '2026-01-24 01:01:00', 35, 'WindBreaker'),
    (11055, 4, 'FINISHED', 4, 1, FALSE, NULL, 81, 39, '2026-01-25 00:00:00', '2026-01-25 01:21:00', 9, 'ThunderStrike'),
    (11056, 3, 'FINISHED', 3, 1, FALSE, NULL, 20, 39, '2026-01-26 00:00:00', '2026-01-26 00:20:00', 9, 'OceanTides'),
    (11057, 4, 'FINISHED', 4, 1, FALSE, NULL, 82, 8, '2026-01-27 00:00:00', '2026-01-27 01:22:00', 18, 'ThunderStrike'),
    (11058, 5, 'FINISHED', 5, 1, FALSE, NULL, 76, 26, '2026-01-28 00:00:00', '2026-01-28 01:16:00', 19, 'EclipseBattle'),
    (11059, 3, 'FINISHED', 3, 1, FALSE, NULL, 70, 45, '2026-01-29 00:00:00', '2026-01-29 01:10:00', 9, 'PhantomBattle'),
    (11060, 4, 'FINISHED', 4, 1, FALSE, NULL, 89, 12, '2026-01-30 00:00:00', '2026-01-30 01:29:00', 46, 'BlazeHaven'),
    (11061, 3, 'FINISHED', 3, 1, FALSE, NULL, 96, 28, '2026-01-31 00:00:00', '2026-01-31 01:36:00', 7, 'PhantomBattle'),
    (11062, 5, 'FINISHED', 5, 1, FALSE, NULL, 35, 25, '2026-02-01 00:00:00', '2026-02-01 00:35:00', 11, 'DarkHorizon'),
    (11063, 3, 'FINISHED', 3, 1, FALSE, NULL, 30, 16, '2026-02-02 00:00:00', '2026-02-02 00:30:00', 23, 'DragonFury'),
    (11064, 5, 'FINISHED', 5, 1, FALSE, NULL, 57, 39, '2026-02-03 00:00:00', '2026-02-03 00:57:00', 29, 'DarkHorizon'),
    (11065, 3, 'FINISHED', 3, 1, FALSE, NULL, 76, 19, '2026-02-04 00:00:00', '2026-02-04 01:16:00', 35, 'PhantomBattle'),
    (11066, 4, 'FINISHED', 4, 1, FALSE, NULL, 89, 13, '2026-02-05 00:00:00', '2026-02-05 01:29:00', 8, 'KnightsChallenge'),
    (11067, 3, 'FINISHED', 3, 1, FALSE, NULL, 46, 26, '2026-02-06 00:00:00', '2026-02-06 00:46:00', 33, 'MoonlitVale'),
    (11068, 4, 'FINISHED', 4, 1, FALSE, NULL, 22, 35, '2026-02-07 00:00:00', '2026-02-07 00:22:00', 45, 'ThunderStrike'),
    (11069, 5, 'FINISHED', 5, 1, FALSE, NULL, 23, 40, '2026-02-08 00:00:00', '2026-02-08 00:23:00', 6, 'AncientRuins'),
    (11070, 3, 'FINISHED', 3, 1, FALSE, NULL, 38, 7, '2026-02-09 00:00:00', '2026-02-09 00:38:00', 8, 'DarkHorizon'),
    (11071, 5, 'FINISHED', 5, 1, FALSE, NULL, 43, 33, '2026-02-10 00:00:00', '2026-02-10 00:43:00', 38, 'CyberPunk'),
    (11072, 4, 'FINISHED', 4, 1, FALSE, NULL, 44, 21, '2026-02-11 00:00:00', '2026-02-11 00:44:00', 45, 'WindBreaker'),
    (11073, 6, 'FINISHED', 6, 1, FALSE, NULL, 41, 7, '2026-02-12 00:00:00', '2026-02-12 00:41:00', 8, 'DarkHorizon'),
    (11074, 3, 'FINISHED', 3, 1, FALSE, NULL, 90, 7, '2026-02-13 00:00:00', '2026-02-13 01:30:00', 48, 'MagicDuel'),
    (11075, 5, 'FINISHED', 5, 1, FALSE, NULL, 36, 21, '2026-02-14 00:00:00', '2026-02-14 00:36:00', 4, 'CastleSiege'),
    (11076, 5, 'FINISHED', 5, 1, FALSE, NULL, 101, 27, '2026-02-15 00:00:00', '2026-02-15 01:41:00', 12, 'ForestGuardians'),
    (11077, 6, 'FINISHED', 6, 1, FALSE, NULL, 36, 20, '2026-02-16 00:00:00', '2026-02-16 00:36:00', 48, 'MoonlitVale'),
    (11078, 4, 'FINISHED', 4, 1, FALSE, NULL, 103, 37, '2026-02-17 00:00:00', '2026-02-17 01:43:00', 35, 'BlazeHaven'),
    (11079, 3, 'FINISHED', 3, 1, FALSE, NULL, 38, 21, '2026-02-18 00:00:00', '2026-02-18 00:38:00', 11, 'DragonFury'),
    (11080, 3, 'FINISHED', 3, 1, FALSE, NULL, 37, 32, '2026-02-19 00:00:00', '2026-02-19 00:37:00', 6, 'DragonFury'),
    (11081, 4, 'FINISHED', 4, 1, FALSE, NULL, 89, 9, '2026-02-20 00:00:00', '2026-02-20 01:29:00', 17, 'MagicDuel'),
    (11082, 3, 'FINISHED', 3, 1, FALSE, NULL, 101, 36, '2026-02-21 00:00:00', '2026-02-21 01:41:00', 9, 'WildWest'),
    (11083, 4, 'FINISHED', 4, 1, FALSE, NULL, 79, 37, '2026-02-22 00:00:00', '2026-02-22 01:19:00', 28, 'NebulaRiders'),
    (11084, 3, 'FINISHED', 3, 1, FALSE, NULL, 108, 16, '2026-02-23 00:00:00', '2026-02-23 01:48:00', 17, 'CrimsonEmpire'),
    (11085, 5, 'FINISHED', 5, 1, FALSE, NULL, 97, 2, '2026-02-24 00:00:00', '2026-02-24 01:37:00', 40, 'BlazeHaven'),
    (11086, 4, 'FINISHED', 4, 1, FALSE, NULL, 68, 30, '2026-02-25 00:00:00', '2026-02-25 01:08:00', 16, 'Sandstorm'),
    (11087, 5, 'FINISHED', 5, 1, FALSE, NULL, 58, 44, '2026-02-26 00:00:00', '2026-02-26 00:58:00', 24, 'OblivionEdge'),
    (11088, 3, 'FINISHED', 3, 1, FALSE, NULL, 94, 42, '2026-02-27 00:00:00', '2026-02-27 01:34:00', 14, 'ChaosTheory'),
    (11089, 3, 'FINISHED', 3, 1, FALSE, NULL, 62, 9, '2026-02-28 00:00:00', '2026-02-28 01:02:00', 43, 'DarkHorizon'),
    (11090, 3, 'FINISHED', 3, 1, FALSE, NULL, 55, 50, '2026-03-01 00:00:00', '2026-03-01 00:55:00', 17, 'MoonlitVale'),
    (11091, 6, 'FINISHED', 6, 1, FALSE, NULL, 44, 13, '2026-03-02 00:00:00', '2026-03-02 00:44:00', 16, 'CyberPunk'),
    (11092, 5, 'FINISHED', 5, 1, FALSE, NULL, 113, 6, '2026-03-03 00:00:00', '2026-03-03 01:53:00', 40, 'TwilightZone'),
    (11093, 3, 'FINISHED', 3, 1, FALSE, NULL, 90, 15, '2026-03-04 00:00:00', '2026-03-04 01:30:00', 50, 'IronClash'),
    (11094, 3, 'FINISHED', 3, 1, FALSE, NULL, 71, 29, '2026-03-05 00:00:00', '2026-03-05 01:11:00', 29, 'MagicDuel'),
    (11095, 3, 'FINISHED', 3, 1, FALSE, NULL, 31, 33, '2026-03-06 00:00:00', '2026-03-06 00:31:00', 42, 'ShadowRealm'),
    (11096, 5, 'FINISHED', 5, 1, FALSE, NULL, 97, 45, '2026-03-07 00:00:00', '2026-03-07 01:37:00', 23, 'StarForge'),
    (11097, 6, 'FINISHED', 6, 1, FALSE, NULL, 79, 11, '2026-03-08 00:00:00', '2026-03-08 01:19:00', 7, 'SolarFlare'),
    (11098, 5, 'FINISHED', 5, 1, FALSE, NULL, 92, 50, '2026-03-09 00:00:00', '2026-03-09 01:32:00', 4, 'WildWest'),
    (11099, 5, 'FINISHED', 5, 1, FALSE, NULL, 95, 46, '2026-03-10 00:00:00', '2026-03-10 01:35:00', 20, 'EclipseBattle'),
    (11100, 4, 'FINISHED', 4, 1, FALSE, NULL, 39, 2, '2026-03-11 00:00:00', '2026-03-11 00:39:00', 43, 'FrozenTundra'),
    (11101, 4, 'FINISHED', 4, 1, FALSE, NULL, 78, 47, '2026-03-12 00:00:00', '2026-03-12 01:18:00', 24, 'ChaosTheory'),
    (11102, 3, 'FINISHED', 3, 1, FALSE, NULL, 50, 43, '2026-03-13 00:00:00', '2026-03-13 00:50:00', 32, 'SilentFortress'),
    (11103, 4, 'FINISHED', 4, 1, FALSE, NULL, 93, 14, '2026-03-14 00:00:00', '2026-03-14 01:33:00', 10, 'EclipseBattle'),
    (11104, 5, 'FINISHED', 5, 1, FALSE, NULL, 24, 20, '2026-03-15 00:00:00', '2026-03-15 00:24:00', 44, 'WindBreaker'),
    (11105, 4, 'FINISHED', 4, 1, FALSE, NULL, 78, 28, '2026-03-16 00:00:00', '2026-03-16 01:18:00', 29, 'WindBreaker'),
    (11106, 3, 'FINISHED', 3, 1, FALSE, NULL, 51, 4, '2026-03-17 00:00:00', '2026-03-17 00:51:00', 37, 'DragonFury'),
    (11107, 4, 'FINISHED', 4, 1, FALSE, NULL, 23, 45, '2026-03-18 00:00:00', '2026-03-18 00:23:00', 38, 'CrimsonEmpire'),
    (11108, 6, 'FINISHED', 6, 1, FALSE, NULL, 72, 42, '2026-03-19 00:00:00', '2026-03-19 01:12:00', 9, 'CyberPunk'),
    (11109, 6, 'FINISHED', 6, 1, FALSE, NULL, 68, 44, '2026-03-20 00:00:00', '2026-03-20 01:08:00', 18, 'FrozenTundra'),
    (11110, 6, 'FINISHED', 6, 1, FALSE, NULL, 32, 16, '2026-03-21 00:00:00', '2026-03-21 00:32:00', 45, 'KnightsChallenge'),
    (11111, 3, 'FINISHED', 3, 1, FALSE, NULL, 81, 23, '2026-03-22 00:00:00', '2026-03-22 01:21:00', 49, 'EmeraldTrail'),
    (11112, 4, 'FINISHED', 4, 1, FALSE, NULL, 95, 45, '2026-03-23 00:00:00', '2026-03-23 01:35:00', 28, 'StarForge'),
    (11113, 3, 'FINISHED', 3, 1, FALSE, NULL, 29, 28, '2026-03-24 00:00:00', '2026-03-24 00:29:00', 38, 'OceanTides'),
    (11114, 3, 'FINISHED', 3, 1, FALSE, NULL, 25, 33, '2026-03-25 00:00:00', '2026-03-25 00:25:00', 14, 'CrimsonEmpire'),
    (11115, 3, 'FINISHED', 3, 1, FALSE, NULL, 112, 37, '2026-03-26 00:00:00', '2026-03-26 01:52:00', 50, 'EclipseBattle'),
    (11116, 6, 'FINISHED', 6, 1, FALSE, NULL, 32, 32, '2026-03-27 00:00:00', '2026-03-27 00:32:00', 18, 'WindBreaker'),
    (11117, 3, 'FINISHED', 3, 1, FALSE, NULL, 85, 34, '2026-03-28 00:00:00', '2026-03-28 01:25:00', 14, 'DesertStorm'),
    (11118, 5, 'FINISHED', 5, 1, FALSE, NULL, 66, 32, '2026-03-29 00:00:00', '2026-03-29 01:06:00', 26, 'StarForge'),
    (11119, 5, 'FINISHED', 5, 1, FALSE, NULL, 35, 49, '2026-03-30 00:00:00', '2026-03-30 00:35:00', 9, 'FrozenSpire'),
    (11120, 4, 'FINISHED', 4, 1, FALSE, NULL, 23, 38, '2026-03-31 00:00:00', '2026-03-31 00:23:00', 49, 'WolfDen'),
    (11121, 6, 'FINISHED', 6, 1, FALSE, NULL, 32, 30, '2026-04-01 00:00:00', '2026-04-01 00:32:00', 2, 'FireEmblem'),
    (11122, 6, 'FINISHED', 6, 1, FALSE, NULL, 80, 50, '2026-04-02 00:00:00', '2026-04-02 01:20:00', 45, 'GoldenAge'),
    (11123, 3, 'FINISHED', 3, 1, FALSE, NULL, 68, 15, '2026-04-03 00:00:00', '2026-04-03 01:08:00', 19, 'StarForge'),
    (11124, 5, 'FINISHED', 5, 1, FALSE, NULL, 48, 21, '2026-04-04 00:00:00', '2026-04-04 00:48:00', 45, 'WindBreaker'),
    (11125, 6, 'FINISHED', 6, 1, FALSE, NULL, 38, 3, '2026-04-05 00:00:00', '2026-04-05 00:38:00', 23, 'InfernoCanyon'),
    (11126, 6, 'FINISHED', 6, 1, FALSE, NULL, 59, 6, '2026-04-06 00:00:00', '2026-04-06 00:59:00', 36, 'DragonFury'),
    (11127, 6, 'FINISHED', 6, 1, FALSE, NULL, 51, 7, '2026-04-07 00:00:00', '2026-04-07 00:51:00', 21, 'GalacticWars'),
    (11128, 4, 'FINISHED', 4, 1, FALSE, NULL, 104, 35, '2026-04-08 00:00:00', '2026-04-08 01:44:00', 7, 'ThunderStrike'),
    (11129, 4, 'FINISHED', 4, 1, FALSE, NULL, 63, 38, '2026-04-09 00:00:00', '2026-04-09 01:03:00', 10, 'ChaosTheory'),
    (11130, 3, 'FINISHED', 3, 1, FALSE, NULL, 74, 15, '2026-04-10 00:00:00', '2026-04-10 01:14:00', 27, 'DesertStorm'),
    (11131, 6, 'FINISHED', 6, 1, FALSE, NULL, 84, 41, '2026-04-11 00:00:00', '2026-04-11 01:24:00', 40, 'CyberPunk'),
    (11132, 3, 'FINISHED', 3, 1, FALSE, NULL, 56, 14, '2026-04-12 00:00:00', '2026-04-12 00:56:00', 40, 'SilentFortress'),
    (11133, 4, 'FINISHED', 4, 1, FALSE, NULL, 88, 45, '2026-04-13 00:00:00', '2026-04-13 01:28:00', 12, 'MagicDuel'),
    (11134, 5, 'FINISHED', 5, 1, FALSE, NULL, 55, 14, '2026-04-14 00:00:00', '2026-04-14 00:55:00', 34, 'TitanFall'),
    (11135, 6, 'FINISHED', 6, 1, FALSE, NULL, 101, 50, '2026-04-15 00:00:00', '2026-04-15 01:41:00', 43, 'InfernoCanyon'),
    (11136, 4, 'FINISHED', 4, 1, FALSE, NULL, 62, 36, '2026-04-16 00:00:00', '2026-04-16 01:02:00', 7, 'EclipseBattle'),
    (11137, 4, 'FINISHED', 4, 1, FALSE, NULL, 83, 3, '2026-04-17 00:00:00', '2026-04-17 01:23:00', 37, 'FrozenTundra'),
    (11138, 5, 'FINISHED', 5, 1, FALSE, NULL, 65, 47, '2026-04-18 00:00:00', '2026-04-18 01:05:00', 23, 'IronClash'),
    (11139, 3, 'FINISHED', 3, 1, FALSE, NULL, 95, 18, '2026-04-19 00:00:00', '2026-04-19 01:35:00', 20, 'TitanFall'),
    (11140, 4, 'FINISHED', 4, 1, FALSE, NULL, 80, 34, '2026-04-20 00:00:00', '2026-04-20 01:20:00', 3, 'DesertStorm'),
    (11141, 3, 'FINISHED', 3, 1, FALSE, NULL, 33, 44, '2026-04-21 00:00:00', '2026-04-21 00:33:00', 18, 'SacredPath'),
    (11142, 6, 'FINISHED', 6, 1, FALSE, NULL, 24, 34, '2026-04-22 00:00:00', '2026-04-22 00:24:00', 38, 'TitanFall'),
    (11143, 6, 'FINISHED', 6, 1, FALSE, NULL, 120, 29, '2026-04-23 00:00:00', '2026-04-23 02:00:00', 30, 'TempestPeak'),
    (11144, 3, 'FINISHED', 3, 1, FALSE, NULL, 35, 2, '2026-04-24 00:00:00', '2026-04-24 00:35:00', 5, 'MysticQuest'),
    (11145, 4, 'FINISHED', 4, 1, FALSE, NULL, 21, 24, '2026-04-25 00:00:00', '2026-04-25 00:21:00', 13, 'ThunderStrike'),
    (11146, 6, 'FINISHED', 6, 1, FALSE, NULL, 102, 40, '2026-04-26 00:00:00', '2026-04-26 01:42:00', 7, 'SilentFortress'),
    (11147, 4, 'FINISHED', 4, 1, FALSE, NULL, 81, 27, '2026-04-27 00:00:00', '2026-04-27 01:21:00', 13, 'StarForge'),
    (11148, 4, 'FINISHED', 4, 1, FALSE, NULL, 49, 31, '2026-04-28 00:00:00', '2026-04-28 00:49:00', 26, 'SolarFlare'),
    (11149, 4, 'FINISHED', 4, 1, FALSE, NULL, 90, 17, '2026-04-29 00:00:00', '2026-04-29 01:30:00', 20, 'InfernoCanyon'),
    (11150, 3, 'FINISHED', 3, 1, FALSE, NULL, 64, 19, '2026-04-30 00:00:00', '2026-04-30 01:04:00', 32, 'FrozenTundra'),
    (11151, 3, 'FINISHED', 3, 1, FALSE, NULL, 80, 48, '2026-05-01 00:00:00', '2026-05-01 01:20:00', 4, 'InfernoCanyon'),
    (11152, 6, 'FINISHED', 6, 1, FALSE, NULL, 83, 21, '2026-05-02 00:00:00', '2026-05-02 01:23:00', 24, 'TitanFall'),
    (11153, 6, 'FINISHED', 6, 1, FALSE, NULL, 70, 4, '2026-05-03 00:00:00', '2026-05-03 01:10:00', 26, 'CastleSiege'),
    (11154, 6, 'FINISHED', 6, 1, FALSE, NULL, 57, 34, '2026-05-04 00:00:00', '2026-05-04 00:57:00', 30, 'IronClash'),
    (11155, 5, 'FINISHED', 5, 1, FALSE, NULL, 26, 3, '2026-05-05 00:00:00', '2026-05-05 00:26:00', 30, 'StormFront'),
    (11156, 5, 'FINISHED', 5, 1, FALSE, NULL, 101, 4, '2026-05-06 00:00:00', '2026-05-06 01:41:00', 5, 'FrozenTundra'),
    (11157, 6, 'FINISHED', 6, 1, FALSE, NULL, 64, 49, '2026-05-07 00:00:00', '2026-05-07 01:04:00', 20, 'GoldenAge'),
    (11158, 5, 'FINISHED', 5, 1, FALSE, NULL, 103, 40, '2026-05-08 00:00:00', '2026-05-08 01:43:00', 13, 'Skyfall'),
    (11159, 4, 'FINISHED', 4, 1, FALSE, NULL, 89, 6, '2026-05-09 00:00:00', '2026-05-09 01:29:00', 12, 'AncientRuins'),
    (11160, 6, 'FINISHED', 6, 1, FALSE, NULL, 44, 14, '2026-05-10 00:00:00', '2026-05-10 00:44:00', 11, 'SolarFlare'),
    (11161, 4, 'FINISHED', 4, 1, FALSE, NULL, 94, 46, '2026-05-11 00:00:00', '2026-05-11 01:34:00', 43, 'SpaceOdyssey'),
    (11162, 4, 'FINISHED', 4, 1, FALSE, NULL, 30, 31, '2026-05-12 00:00:00', '2026-05-12 00:30:00', 13, 'Skyfall'),
    (11163, 6, 'FINISHED', 6, 1, FALSE, NULL, 103, 46, '2026-05-13 00:00:00', '2026-05-13 01:43:00', 42, 'FrozenSpire'),
    (11164, 5, 'FINISHED', 5, 1, FALSE, NULL, 113, 36, '2026-05-14 00:00:00', '2026-05-14 01:53:00', 41, 'DragonFury'),
    (11165, 5, 'FINISHED', 5, 1, FALSE, NULL, 40, 22, '2026-05-15 00:00:00', '2026-05-15 00:40:00', 6, 'MagicDuel'),
    (11166, 6, 'FINISHED', 6, 1, FALSE, NULL, 120, 27, '2026-05-16 00:00:00', '2026-05-16 02:00:00', 4, 'MysticQuest'),
    (11167, 4, 'FINISHED', 4, 1, FALSE, NULL, 72, 19, '2026-05-17 00:00:00', '2026-05-17 01:12:00', 20, 'SilentFortress'),
    (11168, 6, 'FINISHED', 6, 1, FALSE, NULL, 72, 36, '2026-05-18 00:00:00', '2026-05-18 01:12:00', 39, 'LunarEclipse'),
    (11169, 4, 'FINISHED', 4, 1, FALSE, NULL, 26, 32, '2026-05-19 00:00:00', '2026-05-19 00:26:00', 21, 'BlazeHaven'),
    (11170, 6, 'FINISHED', 6, 1, FALSE, NULL, 85, 20, '2026-05-20 00:00:00', '2026-05-20 01:25:00', 46, 'Skyfall'),
    (11171, 6, 'FINISHED', 6, 1, FALSE, NULL, 41, 24, '2026-05-21 00:00:00', '2026-05-21 00:41:00', 35, 'CrimsonEmpire'),
    (11172, 4, 'FINISHED', 4, 1, FALSE, NULL, 33, 23, '2026-05-22 00:00:00', '2026-05-22 00:33:00', 45, 'ChaosTheory'),
    (11173, 4, 'FINISHED', 4, 1, FALSE, NULL, 77, 32, '2026-05-23 00:00:00', '2026-05-23 01:17:00', 5, 'DesertStorm'),
    (11174, 5, 'FINISHED', 5, 1, FALSE, NULL, 40, 11, '2026-05-24 00:00:00', '2026-05-24 00:40:00', 26, 'DarkHorizon'),
    (11175, 4, 'FINISHED', 4, 1, FALSE, NULL, 25, 6, '2026-05-25 00:00:00', '2026-05-25 00:25:00', 47, 'SolarFlare'),
    (11176, 4, 'FINISHED', 4, 1, FALSE, NULL, 80, 38, '2026-05-26 00:00:00', '2026-05-26 01:20:00', 41, 'FireEmblem'),
    (11177, 6, 'FINISHED', 6, 1, FALSE, NULL, 120, 23, '2026-05-27 00:00:00', '2026-05-27 02:00:00', 50, 'Sandstorm'),
    (11178, 4, 'FINISHED', 4, 1, FALSE, NULL, 103, 29, '2026-05-28 00:00:00', '2026-05-28 01:43:00', 34, 'CastleSiege'),
    (11179, 5, 'FINISHED', 5, 1, FALSE, NULL, 80, 44, '2026-05-29 00:00:00', '2026-05-29 01:20:00', 23, 'StormFront'),
    (11180, 5, 'FINISHED', 5, 1, FALSE, NULL, 34, 31, '2026-05-30 00:00:00', '2026-05-30 00:34:00', 16, 'TwilightZone'),
    (11181, 5, 'FINISHED', 5, 1, FALSE, NULL, 23, 42, '2026-05-31 00:00:00', '2026-05-31 00:23:00', 32, 'ThunderStrike'),
    (11182, 4, 'FINISHED', 4, 1, FALSE, NULL, 45, 10, '2026-06-01 00:00:00', '2026-06-01 00:45:00', 2, 'FireEmblem'),
    (11183, 4, 'FINISHED', 4, 1, FALSE, NULL, 111, 17, '2026-06-02 00:00:00', '2026-06-02 01:51:00', 24, 'OceanTides'),
    (11184, 3, 'FINISHED', 3, 1, FALSE, NULL, 108, 35, '2026-06-03 00:00:00', '2026-06-03 01:48:00', 10, 'ChaosTheory'),
    (11185, 4, 'FINISHED', 4, 1, FALSE, NULL, 57, 43, '2026-06-04 00:00:00', '2026-06-04 00:57:00', 10, 'Starlight'),
    (11186, 5, 'FINISHED', 5, 1, FALSE, NULL, 117, 27, '2026-06-05 00:00:00', '2026-06-05 01:57:00', 50, 'OblivionEdge'),
    (11187, 5, 'FINISHED', 5, 1, FALSE, NULL, 117, 24, '2026-06-06 00:00:00', '2026-06-06 01:57:00', 15, 'CastleSiege'),
    (11188, 6, 'FINISHED', 6, 1, FALSE, NULL, 30, 6, '2026-06-07 00:00:00', '2026-06-07 00:30:00', 27, 'IronClash'),
    (11189, 4, 'FINISHED', 4, 1, FALSE, NULL, 42, 14, '2026-06-08 00:00:00', '2026-06-08 00:42:00', 6, 'MagicDuel'),
    (11190, 4, 'FINISHED', 4, 1, FALSE, NULL, 31, 45, '2026-06-09 00:00:00', '2026-06-09 00:31:00', 34, 'IronClash'),
    (11191, 5, 'FINISHED', 5, 1, FALSE, NULL, 83, 32, '2026-06-10 00:00:00', '2026-06-10 01:23:00', 44, 'BlazeHaven'),
    (11192, 4, 'FINISHED', 4, 1, FALSE, NULL, 31, 23, '2026-06-11 00:00:00', '2026-06-11 00:31:00', 11, 'ShadowRealm'),
    (11193, 6, 'FINISHED', 6, 1, FALSE, NULL, 99, 30, '2026-06-12 00:00:00', '2026-06-12 01:39:00', 10, 'WildWest'),
    (11194, 4, 'FINISHED', 4, 1, FALSE, NULL, 20, 14, '2026-06-13 00:00:00', '2026-06-13 00:20:00', 5, 'WolfDen'),
    (11195, 3, 'FINISHED', 3, 1, FALSE, NULL, 90, 17, '2026-06-14 00:00:00', '2026-06-14 01:30:00', 17, 'DarkHorizon'),
    (11196, 3, 'FINISHED', 3, 1, FALSE, NULL, 105, 46, '2026-06-15 00:00:00', '2026-06-15 01:45:00', 23, 'SolarFlare'),
    (11197, 4, 'FINISHED', 4, 1, FALSE, NULL, 56, 11, '2026-06-16 00:00:00', '2026-06-16 00:56:00', 21, 'LunarEclipse'),
    (11198, 6, 'FINISHED', 6, 1, FALSE, NULL, 103, 36, '2026-06-17 00:00:00', '2026-06-17 01:43:00', 43, 'BlazeHaven'),
    (11199, 3, 'FINISHED', 3, 1, FALSE, NULL, 29, 38, '2026-06-18 00:00:00', '2026-06-18 00:29:00', 5, 'PhantomBattle'),
    (11200, 5, 'FINISHED', 5, 1, FALSE, NULL, 52, 10, '2026-06-19 00:00:00', '2026-06-19 00:52:00', 16, 'SolarFlare'),
    (11201, 6, 'FINISHED', 6, 1, FALSE, NULL, 37, 28, '2026-06-20 00:00:00', '2026-06-20 00:37:00', 5, 'KnightsChallenge'),
    (11202, 4, 'FINISHED', 4, 1, FALSE, NULL, 109, 2, '2026-06-21 00:00:00', '2026-06-21 01:49:00', 11, 'FrozenTundra'),
    (11203, 5, 'FINISHED', 5, 1, FALSE, NULL, 101, 22, '2026-06-22 00:00:00', '2026-06-22 01:41:00', 37, 'WildWest'),
    (11204, 5, 'FINISHED', 5, 1, FALSE, NULL, 76, 38, '2026-06-23 00:00:00', '2026-06-23 01:16:00', 31, 'DesertStorm'),
    (11205, 5, 'FINISHED', 5, 1, FALSE, NULL, 83, 44, '2026-06-24 00:00:00', '2026-06-24 01:23:00', 4, 'DragonFury'),
    (11206, 4, 'FINISHED', 4, 1, FALSE, NULL, 89, 36, '2026-06-25 00:00:00', '2026-06-25 01:29:00', 33, 'LunarEclipse'),
    (11207, 4, 'FINISHED', 4, 1, FALSE, NULL, 62, 23, '2026-06-26 00:00:00', '2026-06-26 01:02:00', 15, 'SolarFlare'),
    (11208, 3, 'FINISHED', 3, 1, FALSE, NULL, 27, 47, '2026-06-27 00:00:00', '2026-06-27 00:27:00', 45, 'Skyfall'),
    (11209, 5, 'FINISHED', 5, 1, FALSE, NULL, 87, 10, '2026-06-28 00:00:00', '2026-06-28 01:27:00', 29, 'TitanFall'),
    (11210, 6, 'FINISHED', 6, 1, FALSE, NULL, 77, 34, '2026-06-29 00:00:00', '2026-06-29 01:17:00', 14, 'CastleSiege'),
    (11211, 3, 'FINISHED', 3, 1, FALSE, NULL, 28, 21, '2026-06-30 00:00:00', '2026-06-30 00:28:00', 35, 'StormFront'),
    (11212, 4, 'FINISHED', 4, 1, FALSE, NULL, 57, 18, '2026-07-01 00:00:00', '2026-07-01 00:57:00', 39, 'MoonlitVale'),
    (11213, 6, 'FINISHED', 6, 1, FALSE, NULL, 107, 37, '2026-07-02 00:00:00', '2026-07-02 01:47:00', 31, 'DragonFury'),
    (11214, 6, 'FINISHED', 6, 1, FALSE, NULL, 34, 3, '2026-07-03 00:00:00', '2026-07-03 00:34:00', 19, 'CastleSiege'),
    (11215, 6, 'FINISHED', 6, 1, FALSE, NULL, 63, 41, '2026-07-04 00:00:00', '2026-07-04 01:03:00', 13, 'CastleSiege'),
    (11216, 4, 'FINISHED', 4, 1, FALSE, NULL, 91, 27, '2026-07-05 00:00:00', '2026-07-05 01:31:00', 31, 'SpaceOdyssey'),
    (11217, 3, 'FINISHED', 3, 1, FALSE, NULL, 42, 3, '2026-07-06 00:00:00', '2026-07-06 00:42:00', 7, 'TwilightZone'),
    (11218, 4, 'FINISHED', 4, 1, FALSE, NULL, 113, 29, '2026-07-07 00:00:00', '2026-07-07 01:53:00', 47, 'FrozenTundra'),
    (11219, 5, 'FINISHED', 5, 1, FALSE, NULL, 48, 29, '2026-07-08 00:00:00', '2026-07-08 00:48:00', 16, 'Skyfall'),
    (11220, 4, 'FINISHED', 4, 1, FALSE, NULL, 33, 38, '2026-07-09 00:00:00', '2026-07-09 00:33:00', 32, 'OblivionEdge'),
    (11221, 3, 'FINISHED', 3, 1, FALSE, NULL, 67, 9, '2026-07-10 00:00:00', '2026-07-10 01:07:00', 30, 'MagicDuel'),
    (11222, 3, 'FINISHED', 3, 1, FALSE, NULL, 23, 25, '2026-07-11 00:00:00', '2026-07-11 00:23:00', 40, 'DesertStorm'),
    (11223, 5, 'FINISHED', 5, 1, FALSE, NULL, 48, 50, '2026-07-12 00:00:00', '2026-07-12 00:48:00', 42, 'Skyfall'),
    (11224, 5, 'FINISHED', 5, 1, FALSE, NULL, 36, 36, '2026-07-13 00:00:00', '2026-07-13 00:36:00', 18, 'InfernoCanyon'),
    (11225, 3, 'FINISHED', 3, 1, FALSE, NULL, 63, 21, '2026-07-14 00:00:00', '2026-07-14 01:03:00', 49, 'SolarFlare'),
    (11226, 3, 'FINISHED', 3, 1, FALSE, NULL, 53, 13, '2026-07-15 00:00:00', '2026-07-15 00:53:00', 40, 'MysticQuest'),
    (11227, 5, 'FINISHED', 5, 1, FALSE, NULL, 36, 42, '2026-07-16 00:00:00', '2026-07-16 00:36:00', 3, 'DragonFury'),
    (11228, 6, 'FINISHED', 6, 1, FALSE, NULL, 120, 21, '2026-07-17 00:00:00', '2026-07-17 02:00:00', 12, 'ThunderStrike'),
    (11229, 5, 'FINISHED', 5, 1, FALSE, NULL, 85, 12, '2026-07-18 00:00:00', '2026-07-18 01:25:00', 28, 'GalacticWars'),
    (11230, 6, 'FINISHED', 6, 1, FALSE, NULL, 118, 46, '2026-07-19 00:00:00', '2026-07-19 01:58:00', 31, 'HiddenTemple'),
    (11231, 6, 'FINISHED', 6, 1, FALSE, NULL, 102, 41, '2026-07-20 00:00:00', '2026-07-20 01:42:00', 10, 'ThunderStrike'),
    (11232, 3, 'FINISHED', 3, 1, FALSE, NULL, 22, 37, '2026-07-21 00:00:00', '2026-07-21 00:22:00', 37, 'InfernoCanyon'),
    (11233, 5, 'FINISHED', 5, 1, FALSE, NULL, 36, 3, '2026-07-22 00:00:00', '2026-07-22 00:36:00', 29, 'StarForge'),
    (11234, 6, 'FINISHED', 6, 1, FALSE, NULL, 99, 37, '2026-07-23 00:00:00', '2026-07-23 01:39:00', 24, 'Underworld'),
    (11235, 5, 'FINISHED', 5, 1, FALSE, NULL, 47, 32, '2026-07-24 00:00:00', '2026-07-24 00:47:00', 38, 'DarkHorizon'),
    (11236, 3, 'FINISHED', 3, 1, FALSE, NULL, 62, 13, '2026-07-25 00:00:00', '2026-07-25 01:02:00', 15, 'CrystalCave'),
    (11237, 3, 'FINISHED', 3, 1, FALSE, NULL, 22, 15, '2026-07-26 00:00:00', '2026-07-26 00:22:00', 41, 'TwilightZone'),
    (11238, 3, 'FINISHED', 3, 1, FALSE, NULL, 90, 12, '2026-07-27 00:00:00', '2026-07-27 01:30:00', 25, 'WildWest'),
    (11239, 3, 'FINISHED', 3, 1, FALSE, NULL, 22, 21, '2026-07-28 00:00:00', '2026-07-28 00:22:00', 14, 'VenomSpire'),
    (11240, 6, 'FINISHED', 6, 1, FALSE, NULL, 33, 7, '2026-07-29 00:00:00', '2026-07-29 00:33:00', 23, 'WindBreaker'),
    (11241, 4, 'FINISHED', 4, 1, FALSE, NULL, 46, 48, '2026-07-30 00:00:00', '2026-07-30 00:46:00', 31, 'StormFront'),
    (11242, 4, 'FINISHED', 4, 1, FALSE, NULL, 61, 17, '2026-07-31 00:00:00', '2026-07-31 01:01:00', 50, 'OblivionEdge'),
    (11243, 4, 'FINISHED', 4, 1, FALSE, NULL, 100, 45, '2026-08-01 00:00:00', '2026-08-01 01:40:00', 18, 'KnightsChallenge'),
    (11244, 3, 'FINISHED', 3, 1, FALSE, NULL, 39, 14, '2026-08-02 00:00:00', '2026-08-02 00:39:00', 33, 'AncientRuins'),
    (11245, 4, 'FINISHED', 4, 1, FALSE, NULL, 96, 48, '2026-08-03 00:00:00', '2026-08-03 01:36:00', 25, 'ForestGuardians'),
    (11246, 5, 'FINISHED', 5, 1, FALSE, NULL, 76, 38, '2026-08-04 00:00:00', '2026-08-04 01:16:00', 44, 'MagicDuel'),
    (11247, 4, 'FINISHED', 4, 1, FALSE, NULL, 59, 34, '2026-08-05 00:00:00', '2026-08-05 00:59:00', 17, 'Sandstorm'),
    (11248, 3, 'FINISHED', 3, 1, FALSE, NULL, 63, 33, '2026-08-06 00:00:00', '2026-08-06 01:03:00', 16, 'StormFront'),
    (11249, 6, 'FINISHED', 6, 1, FALSE, NULL, 24, 18, '2026-08-07 00:00:00', '2026-08-07 00:24:00', 5, 'TwilightZone'),
    (11250, 5, 'FINISHED', 5, 1, FALSE, NULL, 49, 11, '2026-08-08 00:00:00', '2026-08-08 00:49:00', 7, 'OceanTides'),
    (11251, 4, 'FINISHED', 4, 1, FALSE, NULL, 102, 48, '2026-08-09 00:00:00', '2026-08-09 01:42:00', 31, 'DragonFury'),
    (11252, 6, 'FINISHED', 6, 1, FALSE, NULL, 109, 32, '2026-08-10 00:00:00', '2026-08-10 01:49:00', 47, 'TempestPeak'),
    (11253, 3, 'FINISHED', 3, 1, FALSE, NULL, 81, 40, '2026-08-11 00:00:00', '2026-08-11 01:21:00', 27, 'AncientRuins'),
    (11254, 3, 'FINISHED', 3, 1, FALSE, NULL, 82, 28, '2026-08-12 00:00:00', '2026-08-12 01:22:00', 9, 'MagicDuel'),
    (11255, 5, 'FINISHED', 5, 1, FALSE, NULL, 57, 8, '2026-08-13 00:00:00', '2026-08-13 00:57:00', 29, 'LunarEclipse'),
    (11256, 6, 'FINISHED', 6, 1, FALSE, NULL, 99, 4, '2026-08-14 00:00:00', '2026-08-14 01:39:00', 23, 'SolarFlare'),
    (11257, 6, 'FINISHED', 6, 1, FALSE, NULL, 101, 12, '2026-08-15 00:00:00', '2026-08-15 01:41:00', 42, 'TwilightZone'),
    (11258, 6, 'FINISHED', 6, 1, FALSE, NULL, 112, 19, '2026-08-16 00:00:00', '2026-08-16 01:52:00', 41, 'SpaceOdyssey'),
    (11259, 6, 'FINISHED', 6, 1, FALSE, NULL, 67, 10, '2026-08-17 00:00:00', '2026-08-17 01:07:00', 39, 'IronClash'),
    (11260, 3, 'FINISHED', 3, 1, FALSE, NULL, 21, 33, '2026-08-18 00:00:00', '2026-08-18 00:21:00', 34, 'ThunderStrike'),
    (11261, 6, 'FINISHED', 6, 1, FALSE, NULL, 63, 19, '2026-08-19 00:00:00', '2026-08-19 01:03:00', 43, 'BlazeHaven'),
    (11262, 6, 'FINISHED', 6, 1, FALSE, NULL, 67, 17, '2026-08-20 00:00:00', '2026-08-20 01:07:00', 12, 'WindBreaker'),
    (11263, 3, 'FINISHED', 3, 1, FALSE, NULL, 84, 36, '2026-08-21 00:00:00', '2026-08-21 01:24:00', 22, 'SilentFortress'),
    (11264, 5, 'FINISHED', 5, 1, FALSE, NULL, 78, 18, '2026-08-22 00:00:00', '2026-08-22 01:18:00', 46, 'ThunderStrike'),
    (11265, 6, 'FINISHED', 6, 1, FALSE, NULL, 80, 25, '2026-08-23 00:00:00', '2026-08-23 01:20:00', 19, 'FrozenTundra'),
    (11266, 5, 'FINISHED', 5, 1, FALSE, NULL, 82, 22, '2026-08-24 00:00:00', '2026-08-24 01:22:00', 21, 'OblivionEdge'),
    (11267, 3, 'FINISHED', 3, 1, FALSE, NULL, 44, 18, '2026-08-25 00:00:00', '2026-08-25 00:44:00', 11, 'IronClash'),
    (11268, 5, 'FINISHED', 5, 1, FALSE, NULL, 30, 19, '2026-08-26 00:00:00', '2026-08-26 00:30:00', 5, 'WildWest'),
    (11269, 6, 'FINISHED', 6, 1, FALSE, NULL, 44, 19, '2026-08-27 00:00:00', '2026-08-27 00:44:00', 50, 'TempestPeak'),
    (11270, 3, 'FINISHED', 3, 1, FALSE, NULL, 116, 17, '2026-08-28 00:00:00', '2026-08-28 01:56:00', 8, 'NebulaRiders'),
    (11271, 6, 'FINISHED', 6, 1, FALSE, NULL, 60, 50, '2026-08-29 00:00:00', '2026-08-29 01:00:00', 42, 'OblivionEdge'),
    (11272, 5, 'FINISHED', 5, 1, FALSE, NULL, 116, 44, '2026-08-30 00:00:00', '2026-08-30 01:56:00', 10, 'DragonFury'),
    (11273, 5, 'FINISHED', 5, 1, FALSE, NULL, 36, 29, '2026-08-31 00:00:00', '2026-08-31 00:36:00', 50, 'Skyfall'),
    (11274, 4, 'FINISHED', 4, 1, FALSE, NULL, 43, 47, '2026-09-01 00:00:00', '2026-09-01 00:43:00', 6, 'FrozenSpire'),
    (11275, 4, 'FINISHED', 4, 1, FALSE, NULL, 31, 14, '2026-09-02 00:00:00', '2026-09-02 00:31:00', 26, 'ThunderStrike'),
    (11276, 6, 'FINISHED', 6, 1, FALSE, NULL, 40, 40, '2026-09-03 00:00:00', '2026-09-03 00:40:00', 10, 'TitanFall'),
    (11277, 3, 'FINISHED', 3, 1, FALSE, NULL, 23, 30, '2026-09-04 00:00:00', '2026-09-04 00:23:00', 22, 'MysticQuest'),
    (11278, 5, 'FINISHED', 5, 1, FALSE, NULL, 29, 43, '2026-09-05 00:00:00', '2026-09-05 00:29:00', 7, 'Underworld'),
    (11279, 4, 'FINISHED', 4, 1, FALSE, NULL, 49, 35, '2026-09-06 00:00:00', '2026-09-06 00:49:00', 47, 'BlazeHaven'),
    (11280, 5, 'FINISHED', 5, 1, FALSE, NULL, 61, 38, '2026-09-07 00:00:00', '2026-09-07 01:01:00', 32, 'ThunderStrike'),
    (11281, 6, 'FINISHED', 6, 1, FALSE, NULL, 28, 37, '2026-09-08 00:00:00', '2026-09-08 00:28:00', 44, 'StarForge'),
    (11282, 3, 'FINISHED', 3, 1, FALSE, NULL, 24, 37, '2026-09-09 00:00:00', '2026-09-09 00:24:00', 24, 'SilentFortress'),
    (11283, 4, 'FINISHED', 4, 1, FALSE, NULL, 96, 21, '2026-09-10 00:00:00', '2026-09-10 01:36:00', 44, 'SolarFlare'),
    (11284, 4, 'FINISHED', 4, 1, FALSE, NULL, 90, 22, '2026-09-11 00:00:00', '2026-09-11 01:30:00', 12, 'AncientRuins'),
    (11285, 5, 'FINISHED', 5, 1, FALSE, NULL, 34, 50, '2026-09-12 00:00:00', '2026-09-12 00:34:00', 10, 'FrozenTundra');



    INSERT INTO game_session_users (game_session_id, user_id) VALUES
    (10786, 46),
    (10786, 50),
    (10786, 32),
    (10786, 17),
    (10787, 45),
    (10787, 28),
    (10787, 44),
    (10787, 36),
    (10788, 5),
    (10788, 6),
    (10788, 48),
    (10788, 25),
    (10788, 50),
    (10788, 32),
    (10789, 21),
    (10789, 23),
    (10789, 13),
    (10789, 42),
    (10789, 50),
    (10789, 45),
    (10790, 36),
    (10790, 39),
    (10790, 26),
    (10790, 9),
    (10790, 35),
    (10790, 2),
    (10791, 39),
    (10791, 43),
    (10791, 33),
    (10791, 31),
    (10791, 11),
    (10792, 36),
    (10792, 15),
    (10792, 25),
    (10793, 47),
    (10793, 30),
    (10793, 18),
    (10793, 39),
    (10794, 11),
    (10794, 15),
    (10794, 31),
    (10794, 39),
    (10794, 12),
    (10795, 41),
    (10795, 11),
    (10795, 28),
    (10795, 19),
    (10796, 30),
    (10796, 50),
    (10796, 9),
    (10796, 19),
    (10796, 20),
    (10797, 35),
    (10797, 22),
    (10797, 15),
    (10797, 32),
    (10797, 41),
    (10797, 37),
    (10798, 37),
    (10798, 23),
    (10798, 40),
    (10799, 32),
    (10799, 31),
    (10799, 4),
    (10799, 34),
    (10799, 18),
    (10800, 20),
    (10800, 7),
    (10800, 28),
    (10800, 6),
    (10800, 44),
    (10801, 2),
    (10801, 38),
    (10801, 44),
    (10801, 39),
    (10801, 37),
    (10802, 15),
    (10802, 39),
    (10802, 27),
    (10802, 50),
    (10802, 13),
    (10802, 25),
    (10803, 26),
    (10803, 18),
    (10803, 27),
    (10803, 45),
    (10803, 48),
    (10804, 35),
    (10804, 11),
    (10804, 46),
    (10805, 18),
    (10805, 47),
    (10805, 22),
    (10805, 45),
    (10806, 41),
    (10806, 15),
    (10806, 42),
    (10806, 3),
    (10806, 10),
    (10807, 29),
    (10807, 8),
    (10807, 47),
    (10808, 41),
    (10808, 44),
    (10808, 33),
    (10808, 50),
    (10809, 8),
    (10809, 38),
    (10809, 47),
    (10810, 38),
    (10810, 17),
    (10810, 48),
    (10811, 12),
    (10811, 21),
    (10811, 43),
    (10811, 38),
    (10812, 20),
    (10812, 33),
    (10812, 11),
    (10812, 31),
    (10812, 7),
    (10812, 45),
    (10813, 23),
    (10813, 34),
    (10813, 16),
    (10813, 4),
    (10813, 15),
    (10813, 14),
    (10814, 43),
    (10814, 31),
    (10814, 37),
    (10814, 47),
    (10815, 12),
    (10815, 15),
    (10815, 5),
    (10815, 44),
    (10815, 4),
    (10816, 17),
    (10816, 10),
    (10816, 29),
    (10816, 22),
    (10816, 40),
    (10816, 6),
    (10817, 47),
    (10817, 44),
    (10817, 49),
    (10817, 7),
    (10818, 37),
    (10818, 12),
    (10818, 42),
    (10818, 19),
    (10818, 5),
    (10819, 38),
    (10819, 13),
    (10819, 27),
    (10819, 46),
    (10820, 35),
    (10820, 17),
    (10820, 49),
    (10820, 10),
    (10820, 44),
    (10820, 33),
    (10821, 15),
    (10821, 33),
    (10821, 13),
    (10821, 25),
    (10821, 2),
    (10821, 45),
    (10822, 36),
    (10822, 48),
    (10822, 39),
    (10822, 34),
    (10823, 41),
    (10823, 39),
    (10823, 38),
    (10824, 38),
    (10824, 11),
    (10824, 26),
    (10824, 43),
    (10824, 25),
    (10824, 21),
    (10825, 47),
    (10825, 28),
    (10825, 32),
    (10825, 42),
    (10825, 21),
    (10825, 30),
    (10826, 37),
    (10826, 24),
    (10826, 36),
    (10827, 39),
    (10827, 2),
    (10827, 4),
    (10827, 15),
    (10827, 17),
    (10827, 30),
    (10828, 9),
    (10828, 37),
    (10828, 48),
    (10828, 20),
    (10828, 23),
    (10829, 7),
    (10829, 31),
    (10829, 20),
    (10829, 19),
    (10829, 39),
    (10829, 8),
    (10830, 23),
    (10830, 32),
    (10830, 16),
    (10830, 39),
    (10830, 47),
    (10831, 3),
    (10831, 7),
    (10831, 37),
    (10831, 14),
    (10831, 24),
    (10831, 6),
    (10832, 44),
    (10832, 32),
    (10832, 10),
    (10832, 47),
    (10833, 30),
    (10833, 39),
    (10833, 35),
    (10833, 17),
    (10833, 9),
    (10834, 16),
    (10834, 20),
    (10834, 42),
    (10834, 35),
    (10834, 14),
    (10834, 32),
    (10835, 48),
    (10835, 30),
    (10835, 22),
    (10835, 5),
    (10835, 45),
    (10836, 32),
    (10836, 45),
    (10836, 8),
    (10836, 43),
    (10837, 18),
    (10837, 16),
    (10837, 47),
    (10837, 5),
    (10837, 10),
    (10838, 10),
    (10838, 25),
    (10838, 2),
    (10838, 48),
    (10838, 29),
    (10839, 39),
    (10839, 18),
    (10839, 24),
    (10840, 37),
    (10840, 16),
    (10840, 39),
    (10840, 22),
    (10840, 27),
    (10840, 4),
    (10841, 15),
    (10841, 18),
    (10841, 42),
    (10842, 9),
    (10842, 5),
    (10842, 46),
    (10842, 32),
    (10842, 49),
    (10843, 19),
    (10843, 27),
    (10843, 16),
    (10843, 4),
    (10843, 35),
    (10843, 21),
    (10844, 8),
    (10844, 36),
    (10844, 13),
    (10844, 50),
    (10845, 28),
    (10845, 22),
    (10845, 33),
    (10845, 12),
    (10845, 30),
    (10846, 35),
    (10846, 49),
    (10846, 9),
    (10847, 49),
    (10847, 29),
    (10847, 2),
    (10847, 14),
    (10848, 15),
    (10848, 22),
    (10848, 25),
    (10848, 42),
    (10848, 34),
    (10849, 32),
    (10849, 30),
    (10849, 21),
    (10850, 36),
    (10850, 20),
    (10850, 19),
    (10850, 49),
    (10850, 17),
    (10851, 36),
    (10851, 45),
    (10851, 4),
    (10851, 21),
    (10851, 39),
    (10852, 31),
    (10852, 17),
    (10852, 45),
    (10853, 19),
    (10853, 29),
    (10853, 46),
    (10853, 30),
    (10853, 24),
    (10853, 6),
    (10854, 30),
    (10854, 11),
    (10854, 4),
    (10855, 38),
    (10855, 16),
    (10855, 49),
    (10855, 43),
    (10856, 41),
    (10856, 44),
    (10856, 49),
    (10856, 5),
    (10857, 37),
    (10857, 5),
    (10857, 41),
    (10857, 17),
    (10857, 20),
    (10858, 40),
    (10858, 48),
    (10858, 5),
    (10858, 24),
    (10858, 20),
    (10858, 34),
    (10859, 33),
    (10859, 12),
    (10859, 14),
    (10859, 46),
    (10859, 34),
    (10860, 14),
    (10860, 12),
    (10860, 46),
    (10860, 17),
    (10861, 40),
    (10861, 31),
    (10861, 46),
    (10861, 23),
    (10861, 18),
    (10862, 5),
    (10862, 47),
    (10862, 50),
    (10862, 27),
    (10862, 20),
    (10862, 4),
    (10863, 43),
    (10863, 41),
    (10863, 17),
    (10864, 32),
    (10864, 6),
    (10864, 46),
    (10864, 14),
    (10865, 14),
    (10865, 31),
    (10865, 28),
    (10865, 23),
    (10866, 50),
    (10866, 45),
    (10866, 23),
    (10867, 49),
    (10867, 32),
    (10867, 22),
    (10867, 20),
    (10867, 48),
    (10867, 34),
    (10868, 22),
    (10868, 31),
    (10868, 27),
    (10868, 40),
    (10868, 8),
    (10869, 7),
    (10869, 18),
    (10869, 15),
    (10870, 5),
    (10870, 28),
    (10870, 41),
    (10871, 49),
    (10871, 13),
    (10871, 28),
    (10871, 22),
    (10871, 41),
    (10871, 6),
    (10872, 46),
    (10872, 23),
    (10872, 49),
    (10872, 15),
    (10872, 39),
    (10872, 30),
    (10873, 46),
    (10873, 40),
    (10873, 19),
    (10874, 30),
    (10874, 13),
    (10874, 10),
    (10874, 28),
    (10875, 3),
    (10875, 20),
    (10875, 42),
    (10875, 29),
    (10875, 14),
    (10875, 22),
    (10876, 48),
    (10876, 14),
    (10876, 11),
    (10876, 36),
    (10877, 3),
    (10877, 11),
    (10877, 27),
    (10877, 34),
    (10877, 24),
    (10878, 7),
    (10878, 45),
    (10878, 29),
    (10878, 50),
    (10878, 31),
    (10879, 7),
    (10879, 17),
    (10879, 28),
    (10879, 46),
    (10879, 41),
    (10880, 18),
    (10880, 17),
    (10880, 13),
    (10880, 23),
    (10880, 49),
    (10880, 50),
    (10881, 13),
    (10881, 17),
    (10881, 23),
    (10882, 35),
    (10882, 49),
    (10882, 4),
    (10882, 48),
    (10882, 16),
    (10882, 47),
    (10883, 33),
    (10883, 32),
    (10883, 12),
    (10883, 49),
    (10884, 21),
    (10884, 45),
    (10884, 30),
    (10884, 25),
    (10884, 33),
    (10885, 17),
    (10885, 11),
    (10885, 14),
    (10885, 32),
    (10885, 28),
    (10886, 16),
    (10886, 41),
    (10886, 6),
    (10886, 22),
    (10887, 20),
    (10887, 42),
    (10887, 5),
    (10887, 26),
    (10887, 29),
    (10888, 14),
    (10888, 44),
    (10888, 37),
    (10888, 26),
    (10889, 12),
    (10889, 7),
    (10889, 11),
    (10889, 27),
    (10890, 50),
    (10890, 49),
    (10890, 11),
    (10890, 27),
    (10891, 10),
    (10891, 35),
    (10891, 18),
    (10892, 18),
    (10892, 25),
    (10892, 14),
    (10892, 29),
    (10892, 44),
    (10892, 20),
    (10893, 5),
    (10893, 4),
    (10893, 31),
    (10893, 37),
    (10894, 6),
    (10894, 34),
    (10894, 14),
    (10894, 46),
    (10895, 16),
    (10895, 49),
    (10895, 5),
    (10896, 16),
    (10896, 42),
    (10896, 40),
    (10896, 7),
    (10896, 38),
    (10897, 11),
    (10897, 50),
    (10897, 36),
    (10897, 41),
    (10897, 21),
    (10897, 37),
    (10898, 33),
    (10898, 47),
    (10898, 38),
    (10898, 23),
    (10898, 22),
    (10899, 15),
    (10899, 23),
    (10899, 14),
    (10899, 42),
    (10899, 40),
    (10899, 34),
    (10900, 41),
    (10900, 39),
    (10900, 47),
    (10900, 10),
    (10900, 28),
    (10900, 23),
    (10901, 13),
    (10901, 19),
    (10901, 35),
    (10901, 18),
    (10902, 38),
    (10902, 3),
    (10902, 36),
    (10903, 34),
    (10903, 9),
    (10903, 26),
    (10903, 15),
    (10904, 22),
    (10904, 34),
    (10904, 41),
    (10905, 21),
    (10905, 30),
    (10905, 32),
    (10906, 8),
    (10906, 26),
    (10906, 24),
    (10906, 33),
    (10906, 49),
    (10906, 21),
    (10907, 47),
    (10907, 14),
    (10907, 18),
    (10907, 36),
    (10907, 8),
    (10908, 22),
    (10908, 35),
    (10908, 17),
    (10909, 50),
    (10909, 13),
    (10909, 33),
    (10909, 18),
    (10909, 40),
    (10909, 17),
    (10910, 4),
    (10910, 8),
    (10910, 23),
    (10910, 28),
    (10911, 16),
    (10911, 29),
    (10911, 17),
    (10911, 39),
    (10911, 44),
    (10912, 11),
    (10912, 33),
    (10912, 9),
    (10913, 13),
    (10913, 40),
    (10913, 48),
    (10913, 7),
    (10913, 5),
    (10913, 37),
    (10914, 33),
    (10914, 48),
    (10914, 45),
    (10914, 26),
    (10915, 13),
    (10915, 22),
    (10915, 7),
    (10915, 12),
    (10916, 33),
    (10916, 25),
    (10916, 49),
    (10916, 42),
    (10917, 3),
    (10917, 6),
    (10917, 37),
    (10917, 21),
    (10917, 14),
    (10917, 15),
    (10918, 47),
    (10918, 12),
    (10918, 38),
    (10918, 44),
    (10918, 4),
    (10918, 35),
    (10919, 31),
    (10919, 23),
    (10919, 43),
    (10920, 19),
    (10920, 6),
    (10920, 34),
    (10920, 36),
    (10921, 27),
    (10921, 20),
    (10921, 11),
    (10921, 44),
    (10922, 33),
    (10922, 9),
    (10922, 39),
    (10922, 40),
    (10923, 26),
    (10923, 15),
    (10923, 18),
    (10924, 4),
    (10924, 36),
    (10924, 7),
    (10925, 11),
    (10925, 20),
    (10925, 49),
    (10925, 30),
    (10926, 31),
    (10926, 30),
    (10926, 36),
    (10927, 34),
    (10927, 3),
    (10927, 11),
    (10927, 17),
    (10927, 21),
    (10927, 2),
    (10928, 35),
    (10928, 50),
    (10928, 45),
    (10928, 32),
    (10929, 26),
    (10929, 17),
    (10929, 11),
    (10929, 18),
    (10929, 6),
    (10930, 47),
    (10930, 18),
    (10930, 24),
    (10930, 27),
    (10931, 12),
    (10931, 22),
    (10931, 31),
    (10931, 27),
    (10932, 5),
    (10932, 48),
    (10932, 20),
    (10932, 16),
    (10932, 31),
    (10933, 37),
    (10933, 11),
    (10933, 19),
    (10933, 41),
    (10934, 15),
    (10934, 10),
    (10934, 42),
    (10934, 4),
    (10934, 12),
    (10934, 37),
    (10935, 34),
    (10935, 18),
    (10935, 47),
    (10935, 22),
    (10935, 23),
    (10935, 45),
    (10936, 14),
    (10936, 15),
    (10936, 25),
    (10937, 25),
    (10937, 39),
    (10937, 19),
    (10937, 31),
    (10938, 6),
    (10938, 33),
    (10938, 26),
    (10938, 16),
    (10938, 50),
    (10938, 24),
    (10939, 37),
    (10939, 22),
    (10939, 23),
    (10939, 47),
    (10939, 7),
    (10939, 48),
    (10940, 9),
    (10940, 34),
    (10940, 31),
    (10940, 11),
    (10940, 42),
    (10940, 14),
    (10941, 27),
    (10941, 12),
    (10941, 47),
    (10942, 35),
    (10942, 24),
    (10942, 29),
    (10943, 30),
    (10943, 11),
    (10943, 26),
    (10944, 3),
    (10944, 9),
    (10944, 23),
    (10944, 28),
    (10944, 26),
    (10944, 27),
    (10945, 5),
    (10945, 22),
    (10945, 41),
    (10945, 2),
    (10945, 33),
    (10946, 10),
    (10946, 26),
    (10946, 2),
    (10946, 36),
    (10946, 8),
    (10947, 12),
    (10947, 16),
    (10947, 50),
    (10947, 20),
    (10947, 47),
    (10947, 14),
    (10948, 11),
    (10948, 9),
    (10948, 22),
    (10948, 15),
    (10949, 48),
    (10949, 33),
    (10949, 16),
    (10949, 26),
    (10950, 39),
    (10950, 11),
    (10950, 31),
    (10950, 37),
    (10950, 13),
    (10951, 19),
    (10951, 32),
    (10951, 46),
    (10951, 42),
    (10952, 24),
    (10952, 10),
    (10952, 4),
    (10953, 40),
    (10953, 26),
    (10953, 24),
    (10953, 2),
    (10953, 21),
    (10953, 28),
    (10954, 43),
    (10954, 50),
    (10954, 29),
    (10954, 31),
    (10955, 41),
    (10955, 9),
    (10955, 44),
    (10955, 14),
    (10955, 45),
    (10955, 10),
    (10956, 6),
    (10956, 24),
    (10956, 39),
    (10956, 8),
    (10956, 9),
    (10956, 47),
    (10957, 32),
    (10957, 5),
    (10957, 7),
    (10957, 19),
    (10958, 43),
    (10958, 18),
    (10958, 36),
    (10959, 3),
    (10959, 41),
    (10959, 25),
    (10959, 31),
    (10959, 8),
    (10959, 11),
    (10960, 16),
    (10960, 3),
    (10960, 17),
    (10961, 29),
    (10961, 27),
    (10961, 13),
    (10962, 36),
    (10962, 5),
    (10962, 33),
    (10963, 9),
    (10963, 30),
    (10963, 3),
    (10963, 2),
    (10963, 32),
    (10964, 4),
    (10964, 11),
    (10964, 21),
    (10964, 9),
    (10964, 28),
    (10965, 3),
    (10965, 5),
    (10965, 40),
    (10965, 28),
    (10965, 20),
    (10965, 41),
    (10966, 25),
    (10966, 44),
    (10966, 27),
    (10966, 38),
    (10967, 9),
    (10967, 7),
    (10967, 39),
    (10967, 19),
    (10967, 46),
    (10968, 28),
    (10968, 43),
    (10968, 20),
    (10969, 10),
    (10969, 6),
    (10969, 39),
    (10969, 46),
    (10969, 9),
    (10969, 15),
    (10970, 10),
    (10970, 8),
    (10970, 16),
    (10970, 26),
    (10971, 14),
    (10971, 26),
    (10971, 9),
    (10971, 4),
    (10972, 27),
    (10972, 12),
    (10972, 15),
    (10972, 17),
    (10973, 30),
    (10973, 26),
    (10973, 50),
    (10973, 49),
    (10974, 2),
    (10974, 30),
    (10974, 49),
    (10974, 45),
    (10975, 16),
    (10975, 47),
    (10975, 30),
    (10976, 14),
    (10976, 39),
    (10976, 7),
    (10977, 40),
    (10977, 29),
    (10977, 24),
    (10977, 3),
    (10977, 49),
    (10977, 28),
    (10978, 9),
    (10978, 31),
    (10978, 30),
    (10978, 32),
    (10978, 10),
    (10978, 44),
    (10979, 46),
    (10979, 44),
    (10979, 20),
    (10979, 30),
    (10979, 28),
    (10979, 41),
    (10980, 23),
    (10980, 26),
    (10980, 10),
    (10981, 3),
    (10981, 14),
    (10981, 45),
    (10981, 13),
    (10981, 31),
    (10981, 28),
    (10982, 16),
    (10982, 25),
    (10982, 12),
    (10982, 32),
    (10982, 50),
    (10983, 36),
    (10983, 21),
    (10983, 47),
    (10983, 41),
    (10984, 24),
    (10984, 34),
    (10984, 6),
    (10984, 31),
    (10984, 9),
    (10985, 3),
    (10985, 24),
    (10985, 7),
    (10985, 2),
    (10986, 34),
    (10986, 13),
    (10986, 6),
    (10987, 28),
    (10987, 4),
    (10987, 39),
    (10988, 42),
    (10988, 24),
    (10988, 7),
    (10989, 37),
    (10989, 2),
    (10989, 8),
    (10989, 21),
    (10989, 38),
    (10989, 32),
    (10990, 8),
    (10990, 41),
    (10990, 22),
    (10990, 47),
    (10991, 5),
    (10991, 15),
    (10991, 38),
    (10991, 21),
    (10992, 44),
    (10992, 30),
    (10992, 37),
    (10992, 3),
    (10993, 11),
    (10993, 39),
    (10993, 49),
    (10993, 15),
    (10993, 23),
    (10994, 25),
    (10994, 10),
    (10994, 36),
    (10994, 49),
    (10995, 38),
    (10995, 37),
    (10995, 32),
    (10995, 47),
    (10995, 15),
    (10995, 13),
    (10996, 26),
    (10996, 45),
    (10996, 44),
    (10997, 43),
    (10997, 36),
    (10997, 19),
    (10997, 39),
    (10997, 24),
    (10998, 34),
    (10998, 24),
    (10998, 4),
    (10998, 49),
    (10999, 18),
    (10999, 10),
    (10999, 47),
    (10999, 31),
    (10999, 15),
    (10999, 30),
    (11000, 21),
    (11000, 12),
    (11000, 45),
    (11000, 32),
    (11000, 24),
    (11001, 47),
    (11001, 3),
    (11001, 32),
    (11001, 19),
    (11002, 40),
    (11002, 27),
    (11002, 48),
    (11003, 2),
    (11003, 34),
    (11003, 28),
    (11003, 33),
    (11003, 4),
    (11004, 41),
    (11004, 42),
    (11004, 14),
    (11004, 34),
    (11004, 43),
    (11004, 3),
    (11005, 42),
    (11005, 6),
    (11005, 2),
    (11006, 23),
    (11006, 33),
    (11006, 21),
    (11006, 38),
    (11007, 37),
    (11007, 24),
    (11007, 21),
    (11007, 40),
    (11007, 7),
    (11007, 43),
    (11008, 47),
    (11008, 11),
    (11008, 43),
    (11008, 16),
    (11008, 21),
    (11008, 17),
    (11009, 20),
    (11009, 41),
    (11009, 50),
    (11009, 34),
    (11009, 33),
    (11009, 47),
    (11010, 31),
    (11010, 44),
    (11010, 27),
    (11010, 3),
    (11011, 25),
    (11011, 17),
    (11011, 9),
    (11011, 41),
    (11011, 36),
    (11011, 29),
    (11012, 24),
    (11012, 44),
    (11012, 33),
    (11012, 40),
    (11012, 42),
    (11012, 12),
    (11013, 4),
    (11013, 22),
    (11013, 9),
    (11013, 30),
    (11013, 36),
    (11013, 16),
    (11014, 46),
    (11014, 42),
    (11014, 22),
    (11014, 25),
    (11014, 20),
    (11014, 44),
    (11015, 11),
    (11015, 39),
    (11015, 15),
    (11015, 13),
    (11015, 43),
    (11016, 48),
    (11016, 13),
    (11016, 47),
    (11017, 16),
    (11017, 33),
    (11017, 20),
    (11017, 35),
    (11018, 8),
    (11018, 11),
    (11018, 21),
    (11018, 26),
    (11018, 20),
    (11019, 28),
    (11019, 43),
    (11019, 42),
    (11019, 48),
    (11019, 20),
    (11019, 29),
    (11020, 8),
    (11020, 10),
    (11020, 22),
    (11020, 32),
    (11021, 46),
    (11021, 7),
    (11021, 25),
    (11021, 30),
    (11021, 20),
    (11021, 31),
    (11022, 42),
    (11022, 50),
    (11022, 28),
    (11023, 39),
    (11023, 13),
    (11023, 7),
    (11023, 28),
    (11023, 25),
    (11024, 10),
    (11024, 20),
    (11024, 48),
    (11024, 5),
    (11024, 40),
    (11024, 7),
    (11025, 44),
    (11025, 14),
    (11025, 12),
    (11025, 47),
    (11025, 22),
    (11025, 45),
    (11026, 11),
    (11026, 10),
    (11026, 47),
    (11026, 24),
    (11026, 36),
    (11026, 31),
    (11027, 6),
    (11027, 26),
    (11027, 2),
    (11027, 45),
    (11028, 50),
    (11028, 18),
    (11028, 9),
    (11028, 41),
    (11029, 20),
    (11029, 34),
    (11029, 10),
    (11030, 34),
    (11030, 50),
    (11030, 13),
    (11030, 16),
    (11031, 19),
    (11031, 38),
    (11031, 31),
    (11031, 42),
    (11031, 18),
    (11031, 35),
    (11032, 22),
    (11032, 11),
    (11032, 45),
    (11032, 15),
    (11033, 4),
    (11033, 47),
    (11033, 37),
    (11033, 35),
    (11033, 2),
    (11034, 37),
    (11034, 49),
    (11034, 28),
    (11034, 25),
    (11035, 25),
    (11035, 28),
    (11035, 50),
    (11036, 19),
    (11036, 26),
    (11036, 33),
    (11037, 7),
    (11037, 19),
    (11037, 47),
    (11037, 27),
    (11038, 23),
    (11038, 13),
    (11038, 45),
    (11039, 47),
    (11039, 10),
    (11039, 2),
    (11039, 14),
    (11039, 11),
    (11039, 37),
    (11040, 30),
    (11040, 34),
    (11040, 12),
    (11040, 46),
    (11040, 21),
    (11041, 22),
    (11041, 23),
    (11041, 45),
    (11041, 21),
    (11041, 10),
    (11041, 33),
    (11042, 20),
    (11042, 23),
    (11042, 12),
    (11042, 16),
    (11042, 25),
    (11043, 12),
    (11043, 41),
    (11043, 22),
    (11043, 42),
    (11043, 50),
    (11044, 41),
    (11044, 29),
    (11044, 3),
    (11044, 35),
    (11044, 26),
    (11045, 5),
    (11045, 37),
    (11045, 38),
    (11046, 40),
    (11046, 8),
    (11046, 2),
    (11046, 13),
    (11046, 15),
    (11046, 44),
    (11047, 16),
    (11047, 41),
    (11047, 37),
    (11047, 33),
    (11048, 45),
    (11048, 14),
    (11048, 11),
    (11048, 47),
    (11048, 24),
    (11049, 41),
    (11049, 19),
    (11049, 36),
    (11049, 16),
    (11049, 4),
    (11050, 34),
    (11050, 26),
    (11050, 18),
    (11050, 36),
    (11051, 3),
    (11051, 46),
    (11051, 10),
    (11051, 38),
    (11051, 9),
    (11051, 4),
    (11052, 23),
    (11052, 3),
    (11052, 7),
    (11052, 5),
    (11053, 35),
    (11053, 38),
    (11053, 49),
    (11054, 17),
    (11054, 16),
    (11054, 26),
    (11054, 10),
    (11054, 37),
    (11055, 24),
    (11055, 29),
    (11055, 23),
    (11055, 21),
    (11056, 29),
    (11056, 18),
    (11056, 41),
    (11057, 11),
    (11057, 8),
    (11057, 48),
    (11057, 21),
    (11058, 6),
    (11058, 34),
    (11058, 44),
    (11058, 31),
    (11058, 47),
    (11059, 46),
    (11059, 5),
    (11059, 8),
    (11060, 35),
    (11060, 13),
    (11060, 49),
    (11060, 40),
    (11061, 46),
    (11061, 44),
    (11061, 32),
    (11062, 16),
    (11062, 45),
    (11062, 20),
    (11062, 39),
    (11062, 30),
    (11063, 12),
    (11063, 21),
    (11063, 44),
    (11064, 36),
    (11064, 8),
    (11064, 9),
    (11064, 39),
    (11064, 43),
    (11065, 22),
    (11065, 13),
    (11065, 20),
    (11066, 33),
    (11066, 46),
    (11066, 21),
    (11066, 18),
    (11067, 39),
    (11067, 41),
    (11067, 33),
    (11068, 39),
    (11068, 13),
    (11068, 46),
    (11068, 10),
    (11069, 5),
    (11069, 20),
    (11069, 31),
    (11069, 16),
    (11069, 43),
    (11070, 47),
    (11070, 45),
    (11070, 20),
    (11071, 32),
    (11071, 4),
    (11071, 34),
    (11071, 7),
    (11071, 29),
    (11072, 46),
    (11072, 7),
    (11072, 19),
    (11072, 37),
    (11073, 33),
    (11073, 10),
    (11073, 48),
    (11073, 46),
    (11073, 44),
    (11073, 12),
    (11074, 12),
    (11074, 38),
    (11074, 2),
    (11075, 15),
    (11075, 35),
    (11075, 43),
    (11075, 17),
    (11075, 16),
    (11076, 35),
    (11076, 7),
    (11076, 5),
    (11076, 25),
    (11076, 40),
    (11077, 32),
    (11077, 50),
    (11077, 34),
    (11077, 21),
    (11077, 10),
    (11077, 14),
    (11078, 34),
    (11078, 12),
    (11078, 4),
    (11078, 44),
    (11079, 26),
    (11079, 46),
    (11079, 28),
    (11080, 8),
    (11080, 26),
    (11080, 19),
    (11081, 13),
    (11081, 50),
    (11081, 29),
    (11081, 21),
    (11082, 20),
    (11082, 28),
    (11082, 49),
    (11083, 40),
    (11083, 38),
    (11083, 49),
    (11083, 18),
    (11084, 16),
    (11084, 39),
    (11084, 6),
    (11085, 24),
    (11085, 45),
    (11085, 13),
    (11085, 19),
    (11085, 37),
    (11086, 22),
    (11086, 15),
    (11086, 31),
    (11086, 2),
    (11087, 49),
    (11087, 2),
    (11087, 13),
    (11087, 24),
    (11087, 40),
    (11088, 34),
    (11088, 33),
    (11088, 18),
    (11089, 22),
    (11089, 46),
    (11089, 40),
    (11090, 4),
    (11090, 48),
    (11090, 32),
    (11091, 30),
    (11091, 11),
    (11091, 36),
    (11091, 9),
    (11091, 16),
    (11091, 8),
    (11092, 27),
    (11092, 9),
    (11092, 13),
    (11092, 45),
    (11092, 2),
    (11093, 41),
    (11093, 50),
    (11093, 37),
    (11094, 28),
    (11094, 12),
    (11094, 14),
    (11095, 13),
    (11095, 22),
    (11095, 41),
    (11096, 18),
    (11096, 2),
    (11096, 7),
    (11096, 15),
    (11096, 3),
    (11097, 9),
    (11097, 4),
    (11097, 34),
    (11097, 7),
    (11097, 43),
    (11097, 38),
    (11098, 21),
    (11098, 12),
    (11098, 4),
    (11098, 19),
    (11098, 47),
    (11099, 14),
    (11099, 11),
    (11099, 2),
    (11099, 27),
    (11099, 16),
    (11100, 31),
    (11100, 3),
    (11100, 24),
    (11100, 23),
    (11101, 10),
    (11101, 32),
    (11101, 16),
    (11101, 24),
    (11102, 33),
    (11102, 3),
    (11102, 32),
    (11103, 41),
    (11103, 24),
    (11103, 48),
    (11103, 26),
    (11104, 23),
    (11104, 42),
    (11104, 20),
    (11104, 44),
    (11104, 37),
    (11105, 50),
    (11105, 23),
    (11105, 41),
    (11105, 19),
    (11106, 9),
    (11106, 25),
    (11106, 8),
    (11107, 12),
    (11107, 46),
    (11107, 45),
    (11107, 31),
    (11108, 22),
    (11108, 49),
    (11108, 18),
    (11108, 4),
    (11108, 34),
    (11108, 6),
    (11109, 39),
    (11109, 32),
    (11109, 7),
    (11109, 17),
    (11109, 48),
    (11109, 9),
    (11110, 19),
    (11110, 18),
    (11110, 49),
    (11110, 10),
    (11110, 30),
    (11110, 32),
    (11111, 11),
    (11111, 34),
    (11111, 3),
    (11112, 31),
    (11112, 12),
    (11112, 13),
    (11112, 45),
    (11113, 3),
    (11113, 18),
    (11113, 29),
    (11114, 23),
    (11114, 31),
    (11114, 50),
    (11115, 20),
    (11115, 39),
    (11115, 25),
    (11116, 38),
    (11116, 36),
    (11116, 49),
    (11116, 6),
    (11116, 30),
    (11116, 5),
    (11117, 33),
    (11117, 9),
    (11117, 50),
    (11118, 33),
    (11118, 45),
    (11118, 47),
    (11118, 12),
    (11118, 36),
    (11119, 4),
    (11119, 19),
    (11119, 32),
    (11119, 48),
    (11119, 37),
    (11120, 40),
    (11120, 37),
    (11120, 41),
    (11120, 49),
    (11121, 13),
    (11121, 39),
    (11121, 24),
    (11121, 42),
    (11121, 29),
    (11121, 23),
    (11122, 43),
    (11122, 22),
    (11122, 36),
    (11122, 17),
    (11122, 34),
    (11122, 10),
    (11123, 30),
    (11123, 47),
    (11123, 11),
    (11124, 4),
    (11124, 13),
    (11124, 19),
    (11124, 36),
    (11124, 5),
    (11125, 3),
    (11125, 39),
    (11125, 30),
    (11125, 37),
    (11125, 45),
    (11125, 34),
    (11126, 21),
    (11126, 14),
    (11126, 23),
    (11126, 33),
    (11126, 19),
    (11126, 47),
    (11127, 17),
    (11127, 32),
    (11127, 29),
    (11127, 46),
    (11127, 25),
    (11127, 43),
    (11128, 7),
    (11128, 3),
    (11128, 45),
    (11128, 23),
    (11129, 26),
    (11129, 3),
    (11129, 28),
    (11129, 50),
    (11130, 11),
    (11130, 2),
    (11130, 42),
    (11131, 28),
    (11131, 25),
    (11131, 47),
    (11131, 41),
    (11131, 22),
    (11131, 50),
    (11132, 46),
    (11132, 39),
    (11132, 50),
    (11133, 42),
    (11133, 8),
    (11133, 39),
    (11133, 5),
    (11134, 6),
    (11134, 31),
    (11134, 5),
    (11134, 43),
    (11134, 16),
    (11135, 36),
    (11135, 40),
    (11135, 49),
    (11135, 5),
    (11135, 14),
    (11135, 43),
    (11136, 37),
    (11136, 11),
    (11136, 21),
    (11136, 17),
    (11137, 6),
    (11137, 11),
    (11137, 36),
    (11137, 14),
    (11138, 26),
    (11138, 11),
    (11138, 49),
    (11138, 2),
    (11138, 24),
    (11139, 40),
    (11139, 33),
    (11139, 37),
    (11140, 43),
    (11140, 44),
    (11140, 18),
    (11140, 48),
    (11141, 31),
    (11141, 47),
    (11141, 22),
    (11142, 34),
    (11142, 44),
    (11142, 13),
    (11142, 36),
    (11142, 43),
    (11142, 5),
    (11143, 41),
    (11143, 3),
    (11143, 8),
    (11143, 9),
    (11143, 34),
    (11143, 19),
    (11144, 49),
    (11144, 41),
    (11144, 38),
    (11145, 22),
    (11145, 5),
    (11145, 3),
    (11145, 4),
    (11146, 18),
    (11146, 46),
    (11146, 16),
    (11146, 32),
    (11146, 30),
    (11146, 8),
    (11147, 29),
    (11147, 33),
    (11147, 49),
    (11147, 13),
    (11148, 39),
    (11148, 11),
    (11148, 34),
    (11148, 50),
    (11149, 6),
    (11149, 26),
    (11149, 28),
    (11149, 10),
    (11150, 27),
    (11150, 12),
    (11150, 29),
    (11151, 18),
    (11151, 40),
    (11151, 44),
    (11152, 29),
    (11152, 11),
    (11152, 50),
    (11152, 38),
    (11152, 47),
    (11152, 40),
    (11153, 27),
    (11153, 8),
    (11153, 49),
    (11153, 6),
    (11153, 37),
    (11153, 50),
    (11154, 29),
    (11154, 27),
    (11154, 12),
    (11154, 17),
    (11154, 38),
    (11154, 13),
    (11155, 12),
    (11155, 25),
    (11155, 21),
    (11155, 16),
    (11155, 17),
    (11156, 49),
    (11156, 5),
    (11156, 4),
    (11156, 6),
    (11156, 24),
    (11157, 43),
    (11157, 44),
    (11157, 18),
    (11157, 37),
    (11157, 24),
    (11157, 19),
    (11158, 16),
    (11158, 22),
    (11158, 17),
    (11158, 36),
    (11158, 24),
    (11159, 6),
    (11159, 43),
    (11159, 3),
    (11159, 7),
    (11160, 27),
    (11160, 6),
    (11160, 32),
    (11160, 40),
    (11160, 35),
    (11160, 10),
    (11161, 50),
    (11161, 11),
    (11161, 49),
    (11161, 35),
    (11162, 7),
    (11162, 25),
    (11162, 11),
    (11162, 47),
    (11163, 4),
    (11163, 48),
    (11163, 50),
    (11163, 19),
    (11163, 45),
    (11163, 31),
    (11164, 42),
    (11164, 36),
    (11164, 49),
    (11164, 9),
    (11164, 34),
    (11165, 36),
    (11165, 8),
    (11165, 5),
    (11165, 40),
    (11165, 42),
    (11166, 48),
    (11166, 23),
    (11166, 36),
    (11166, 50),
    (11166, 12),
    (11166, 44),
    (11167, 23),
    (11167, 25),
    (11167, 27),
    (11167, 14),
    (11168, 8),
    (11168, 49),
    (11168, 40),
    (11168, 9),
    (11168, 44),
    (11168, 29),
    (11169, 17),
    (11169, 28),
    (11169, 5),
    (11169, 26),
    (11170, 25),
    (11170, 11),
    (11170, 29),
    (11170, 26),
    (11170, 41),
    (11170, 5),
    (11171, 34),
    (11171, 21),
    (11171, 49),
    (11171, 39),
    (11171, 37),
    (11171, 9),
    (11172, 23),
    (11172, 12),
    (11172, 3),
    (11172, 28),
    (11173, 43),
    (11173, 26),
    (11173, 21),
    (11173, 5),
    (11174, 15),
    (11174, 35),
    (11174, 23),
    (11174, 47),
    (11174, 10),
    (11175, 32),
    (11175, 11),
    (11175, 48),
    (11175, 23),
    (11176, 19),
    (11176, 43),
    (11176, 40),
    (11176, 35),
    (11177, 18),
    (11177, 21),
    (11177, 7),
    (11177, 26),
    (11177, 31),
    (11177, 38),
    (11178, 12),
    (11178, 22),
    (11178, 44),
    (11178, 15),
    (11179, 13),
    (11179, 48),
    (11179, 46),
    (11179, 23),
    (11179, 6),
    (11180, 39),
    (11180, 21),
    (11180, 7),
    (11180, 35),
    (11180, 5),
    (11181, 49),
    (11181, 16),
    (11181, 17),
    (11181, 13),
    (11181, 33),
    (11182, 49),
    (11182, 33),
    (11182, 4),
    (11182, 28),
    (11183, 22),
    (11183, 30),
    (11183, 45),
    (11183, 21),
    (11184, 23),
    (11184, 50),
    (11184, 43),
    (11185, 11),
    (11185, 25),
    (11185, 3),
    (11185, 6),
    (11186, 33),
    (11186, 50),
    (11186, 38),
    (11186, 22),
    (11186, 16),
    (11187, 20),
    (11187, 41),
    (11187, 42),
    (11187, 17),
    (11187, 47),
    (11188, 9),
    (11188, 28),
    (11188, 21),
    (11188, 29),
    (11188, 34),
    (11188, 36),
    (11189, 13),
    (11189, 2),
    (11189, 10),
    (11189, 45),
    (11190, 20),
    (11190, 45),
    (11190, 10),
    (11190, 42),
    (11191, 29),
    (11191, 15),
    (11191, 20),
    (11191, 22),
    (11191, 7),
    (11192, 9),
    (11192, 28),
    (11192, 46),
    (11192, 24),
    (11193, 39),
    (11193, 8),
    (11193, 44),
    (11193, 41),
    (11193, 14),
    (11193, 22),
    (11194, 43),
    (11194, 37),
    (11194, 12),
    (11194, 22),
    (11195, 43),
    (11195, 35),
    (11195, 28),
    (11196, 9),
    (11196, 40),
    (11196, 25),
    (11197, 27),
    (11197, 3),
    (11197, 50),
    (11197, 2),
    (11198, 28),
    (11198, 43),
    (11198, 41),
    (11198, 45),
    (11198, 24),
    (11198, 31),
    (11199, 29),
    (11199, 23),
    (11199, 18),
    (11200, 7),
    (11200, 28),
    (11200, 27),
    (11200, 44),
    (11200, 48),
    (11201, 18),
    (11201, 37),
    (11201, 8),
    (11201, 40),
    (11201, 44),
    (11201, 34),
    (11202, 35),
    (11202, 13),
    (11202, 44),
    (11202, 47),
    (11203, 26),
    (11203, 38),
    (11203, 13),
    (11203, 11),
    (11203, 41),
    (11204, 16),
    (11204, 31),
    (11204, 47),
    (11204, 4),
    (11204, 40),
    (11205, 41),
    (11205, 2),
    (11205, 25),
    (11205, 22),
    (11205, 15),
    (11206, 26),
    (11206, 21),
    (11206, 41),
    (11206, 28),
    (11207, 14),
    (11207, 28),
    (11207, 29),
    (11207, 13),
    (11208, 43),
    (11208, 28),
    (11208, 2),
    (11209, 31),
    (11209, 36),
    (11209, 43),
    (11209, 17),
    (11209, 12),
    (11210, 25),
    (11210, 50),
    (11210, 33),
    (11210, 11),
    (11210, 23),
    (11210, 5),
    (11211, 9),
    (11211, 19),
    (11211, 4),
    (11212, 42),
    (11212, 2),
    (11212, 41),
    (11212, 15),
    (11213, 22),
    (11213, 20),
    (11213, 7),
    (11213, 32),
    (11213, 14),
    (11213, 40),
    (11214, 22),
    (11214, 31),
    (11214, 41),
    (11214, 15),
    (11214, 10),
    (11214, 6),
    (11215, 23),
    (11215, 41),
    (11215, 50),
    (11215, 6),
    (11215, 42),
    (11215, 46),
    (11216, 12),
    (11216, 15),
    (11216, 43),
    (11216, 3),
    (11217, 26),
    (11217, 23),
    (11217, 24),
    (11218, 47),
    (11218, 31),
    (11218, 15),
    (11218, 3),
    (11219, 5),
    (11219, 41),
    (11219, 50),
    (11219, 49),
    (11219, 38),
    (11220, 10),
    (11220, 2),
    (11220, 30),
    (11220, 14),
    (11221, 17),
    (11221, 31),
    (11221, 30),
    (11222, 33),
    (11222, 25),
    (11222, 28),
    (11223, 41),
    (11223, 14),
    (11223, 11),
    (11223, 30),
    (11223, 47),
    (11224, 46),
    (11224, 2),
    (11224, 42),
    (11224, 48),
    (11224, 24),
    (11225, 17),
    (11225, 48),
    (11225, 38),
    (11226, 21),
    (11226, 8),
    (11226, 33),
    (11227, 8),
    (11227, 42),
    (11227, 7),
    (11227, 37),
    (11227, 28),
    (11228, 50),
    (11228, 41),
    (11228, 21),
    (11228, 23),
    (11228, 33),
    (11228, 19),
    (11229, 40),
    (11229, 9),
    (11229, 25),
    (11229, 20),
    (11229, 48),
    (11230, 12),
    (11230, 7),
    (11230, 45),
    (11230, 6),
    (11230, 15),
    (11230, 17),
    (11231, 6),
    (11231, 17),
    (11231, 40),
    (11231, 31),
    (11231, 12),
    (11231, 8),
    (11232, 44),
    (11232, 18),
    (11232, 31),
    (11233, 48),
    (11233, 43),
    (11233, 21),
    (11233, 29),
    (11233, 5),
    (11234, 4),
    (11234, 7),
    (11234, 5),
    (11234, 6),
    (11234, 9),
    (11234, 12),
    (11235, 19),
    (11235, 20),
    (11235, 31),
    (11235, 46),
    (11235, 50),
    (11236, 23),
    (11236, 13),
    (11236, 37),
    (11237, 36),
    (11237, 30),
    (11237, 17),
    (11238, 15),
    (11238, 34),
    (11238, 6),
    (11239, 24),
    (11239, 18),
    (11239, 34),
    (11240, 16),
    (11240, 17),
    (11240, 14),
    (11240, 29),
    (11240, 26),
    (11240, 25),
    (11241, 20),
    (11241, 15),
    (11241, 27),
    (11241, 4),
    (11242, 28),
    (11242, 15),
    (11242, 22),
    (11242, 27),
    (11243, 33),
    (11243, 19),
    (11243, 5),
    (11243, 31),
    (11244, 6),
    (11244, 21),
    (11244, 3),
    (11245, 33),
    (11245, 14),
    (11245, 22),
    (11245, 7),
    (11246, 10),
    (11246, 38),
    (11246, 21),
    (11246, 19),
    (11246, 50),
    (11247, 15),
    (11247, 23),
    (11247, 26),
    (11247, 21),
    (11248, 33),
    (11248, 41),
    (11248, 36),
    (11249, 30),
    (11249, 11),
    (11249, 28),
    (11249, 15),
    (11249, 18),
    (11249, 10),
    (11250, 20),
    (11250, 39),
    (11250, 28),
    (11250, 26),
    (11250, 43),
    (11251, 16),
    (11251, 25),
    (11251, 30),
    (11251, 41),
    (11252, 34),
    (11252, 19),
    (11252, 45),
    (11252, 48),
    (11252, 42),
    (11252, 33),
    (11253, 6),
    (11253, 2),
    (11253, 21),
    (11254, 47),
    (11254, 33),
    (11254, 6),
    (11255, 34),
    (11255, 47),
    (11255, 11),
    (11255, 46),
    (11255, 29),
    (11256, 24),
    (11256, 45),
    (11256, 5),
    (11256, 32),
    (11256, 13),
    (11256, 36),
    (11257, 10),
    (11257, 4),
    (11257, 20),
    (11257, 7),
    (11257, 21),
    (11257, 16),
    (11258, 20),
    (11258, 44),
    (11258, 12),
    (11258, 19),
    (11258, 8),
    (11258, 28),
    (11259, 39),
    (11259, 2),
    (11259, 49),
    (11259, 41),
    (11259, 19),
    (11259, 25),
    (11260, 13),
    (11260, 14),
    (11260, 16),
    (11261, 33),
    (11261, 29),
    (11261, 45),
    (11261, 26),
    (11261, 20),
    (11261, 48),
    (11262, 2),
    (11262, 32),
    (11262, 18),
    (11262, 11),
    (11262, 50),
    (11262, 49),
    (11263, 44),
    (11263, 5),
    (11263, 21),
    (11264, 23),
    (11264, 43),
    (11264, 31),
    (11264, 22),
    (11264, 26),
    (11265, 9),
    (11265, 44),
    (11265, 47),
    (11265, 19),
    (11265, 42),
    (11265, 16),
    (11266, 5),
    (11266, 18),
    (11266, 15),
    (11266, 46),
    (11266, 7),
    (11267, 46),
    (11267, 19),
    (11267, 14),
    (11268, 29),
    (11268, 17),
    (11268, 28),
    (11268, 31),
    (11268, 48),
    (11269, 25),
    (11269, 43),
    (11269, 21),
    (11269, 30),
    (11269, 37),
    (11269, 40),
    (11270, 33),
    (11270, 3),
    (11270, 22),
    (11271, 42),
    (11271, 25),
    (11271, 41),
    (11271, 45),
    (11271, 24),
    (11271, 38),
    (11272, 5),
    (11272, 12),
    (11272, 38),
    (11272, 8),
    (11272, 21),
    (11273, 42),
    (11273, 7),
    (11273, 45),
    (11273, 29),
    (11273, 8),
    (11274, 5),
    (11274, 29),
    (11274, 47),
    (11274, 38),
    (11275, 25),
    (11275, 4),
    (11275, 28),
    (11275, 15),
    (11276, 7),
    (11276, 46),
    (11276, 13),
    (11276, 30),
    (11276, 25),
    (11276, 4),
    (11277, 25),
    (11277, 21),
    (11277, 49),
    (11278, 39),
    (11278, 12),
    (11278, 46),
    (11278, 27),
    (11278, 47),
    (11279, 27),
    (11279, 36),
    (11279, 48),
    (11279, 4),
    (11280, 7),
    (11280, 21),
    (11280, 2),
    (11280, 36),
    (11280, 17),
    (11281, 14),
    (11281, 18),
    (11281, 28),
    (11281, 49),
    (11281, 9),
    (11281, 8),
    (11282, 50),
    (11282, 10),
    (11282, 19),
    (11283, 12),
    (11283, 44),
    (11283, 27),
    (11283, 42),
    (11284, 28),
    (11284, 11),
    (11284, 31),
    (11284, 50),
    (11285, 6),
    (11285, 34),
    (11285, 23),
    (11285, 46),
    (11285, 45);


    INSERT INTO statistics (id, average_game_duration, average_game_room_size, biggest_game_room_size, user_id) VALUES (1,0, 0, 0, null);
